"External migration by sex, age and citizenship 1986-2014"

"Sex";"Year";"Age";"Total Net immigration"
"Total";"1986";"1 year";-9
"Total";"1986";"2 years";-12
"Total";"1986";"3 years";-22
"Total";"1986";"4 years";-1
"Total";"1986";"5 years";-15
"Total";"1986";"6 years";2
"Total";"1986";"7 years";-9
"Total";"1986";"8 years";-3
"Total";"1986";"9 years";3
"Total";"1986";"10 years";1
"Total";"1986";"11 years";5
"Total";"1986";"12 years";5
"Total";"1986";"13 years";1
"Total";"1986";"14 years";-1
"Total";"1986";"15 years";8
"Total";"1986";"16 years";-7
"Total";"1986";"17 years";8
"Total";"1986";"18 years";-9
"Total";"1986";"19 years";11
"Total";"1986";"20 years";-38
"Total";"1986";"21 years";-48
"Total";"1986";"22 years";-35
"Total";"1986";"23 years";-65
"Total";"1986";"24 years";-41
"Total";"1986";"25 years";-26
"Total";"1986";"26 years";20
"Total";"1986";"27 years";-23
"Total";"1986";"28 years";-14
"Total";"1986";"29 years";-36
"Total";"1986";"30 years";-25
"Total";"1986";"31 years";3
"Total";"1986";"32 years";-2
"Total";"1986";"33 years";3
"Total";"1986";"34 years";11
"Total";"1986";"35 years";10
"Total";"1986";"36 years";13
"Total";"1986";"37 years";-12
"Total";"1986";"38 years";2
"Total";"1986";"39 years";-6
"Total";"1986";"40 years";10
"Total";"1986";"41 years";6
"Total";"1986";"42 years";-11
"Total";"1986";"43 years";8
"Total";"1986";"44 years";-4
"Total";"1986";"45 years";-4
"Total";"1986";"46 years";3
"Total";"1986";"47 years";-2
"Total";"1986";"48 years";-2
"Total";"1986";"49 years";-1
"Total";"1986";"50 years";4
"Total";"1986";"51 years";2
"Total";"1986";"52 years";-2
"Total";"1986";"53 years";-8
"Total";"1986";"54 years";-1
"Total";"1986";"55 years";-1
"Total";"1986";"56 years";-1
"Total";"1986";"57 years";4
"Total";"1986";"58 years";1
"Total";"1986";"59 years";3
"Total";"1986";"60 years";0
"Total";"1986";"61 years";1
"Total";"1986";"62 years";1
"Total";"1986";"63 years";4
"Total";"1986";"64 years";2
"Total";"1986";"65 years";3
"Total";"1986";"66 years";0
"Total";"1986";"67 years";1
"Total";"1986";"68 years";-3
"Total";"1986";"69 years";2
"Total";"1986";"70 years";2
"Total";"1986";"71 years";1
"Total";"1986";"72 years";-
"Total";"1986";"73 years";0
"Total";"1986";"74 years";0
"Total";"1986";"75 years";1
"Total";"1986";"76 years";-
"Total";"1986";"77 years";-
"Total";"1986";"78 years";1
"Total";"1986";"79 years";-
"Total";"1986";"80 years";-1
"Total";"1986";"81 years";2
"Total";"1986";"82 years";-
"Total";"1986";"83 years";1
"Total";"1986";"84 years";-
"Total";"1986";"85 years";-
"Total";"1986";"86 years";-
"Total";"1986";"87 years";-
"Total";"1986";"88 years";1
"Total";"1986";"89 years";-
"Total";"1986";"90 years";2
"Total";"1986";"91 years";-
"Total";"1986";"92 years";-
"Total";"1986";"93 years";-
"Total";"1986";"94 years";-
"Total";"1986";"95 years";-
"Total";"1986";"96 years";-
"Total";"1986";"97 years";-
"Total";"1986";"98 years";-
"Total";"1986";"99 years";-
"Total";"1986";"100 years";-
"Total";"1986";"101 years";-
"Total";"1986";"102 years";-
"Total";"1986";"103 years";-
"Total";"1986";"104 years";-
"Total";"1986";"105 years";-
"Total";"1986";"106 years";-
"Total";"1986";"107 years";-
"Total";"1986";"108 years";-
"Total";"1986";"109 years";-
"Total";"1986";"110 years";-
"Total";"1987";"1 year";32
"Total";"1987";"2 years";14
"Total";"1987";"3 years";10
"Total";"1987";"4 years";13
"Total";"1987";"5 years";16
"Total";"1987";"6 years";26
"Total";"1987";"7 years";26
"Total";"1987";"8 years";21
"Total";"1987";"9 years";28
"Total";"1987";"10 years";22
"Total";"1987";"11 years";13
"Total";"1987";"12 years";20
"Total";"1987";"13 years";20
"Total";"1987";"14 years";7
"Total";"1987";"15 years";17
"Total";"1987";"16 years";9
"Total";"1987";"17 years";14
"Total";"1987";"18 years";32
"Total";"1987";"19 years";50
"Total";"1987";"20 years";52
"Total";"1987";"21 years";19
"Total";"1987";"22 years";29
"Total";"1987";"23 years";38
"Total";"1987";"24 years";-13
"Total";"1987";"25 years";45
"Total";"1987";"26 years";38
"Total";"1987";"27 years";31
"Total";"1987";"28 years";35
"Total";"1987";"29 years";44
"Total";"1987";"30 years";46
"Total";"1987";"31 years";18
"Total";"1987";"32 years";41
"Total";"1987";"33 years";19
"Total";"1987";"34 years";57
"Total";"1987";"35 years";44
"Total";"1987";"36 years";36
"Total";"1987";"37 years";13
"Total";"1987";"38 years";18
"Total";"1987";"39 years";13
"Total";"1987";"40 years";1
"Total";"1987";"41 years";16
"Total";"1987";"42 years";5
"Total";"1987";"43 years";8
"Total";"1987";"44 years";12
"Total";"1987";"45 years";15
"Total";"1987";"46 years";4
"Total";"1987";"47 years";0
"Total";"1987";"48 years";1
"Total";"1987";"49 years";0
"Total";"1987";"50 years";4
"Total";"1987";"51 years";-6
"Total";"1987";"52 years";0
"Total";"1987";"53 years";2
"Total";"1987";"54 years";5
"Total";"1987";"55 years";1
"Total";"1987";"56 years";7
"Total";"1987";"57 years";2
"Total";"1987";"58 years";1
"Total";"1987";"59 years";2
"Total";"1987";"60 years";4
"Total";"1987";"61 years";3
"Total";"1987";"62 years";3
"Total";"1987";"63 years";3
"Total";"1987";"64 years";0
"Total";"1987";"65 years";2
"Total";"1987";"66 years";-3
"Total";"1987";"67 years";2
"Total";"1987";"68 years";-1
"Total";"1987";"69 years";1
"Total";"1987";"70 years";0
"Total";"1987";"71 years";-1
"Total";"1987";"72 years";1
"Total";"1987";"73 years";2
"Total";"1987";"74 years";2
"Total";"1987";"75 years";1
"Total";"1987";"76 years";1
"Total";"1987";"77 years";0
"Total";"1987";"78 years";-
"Total";"1987";"79 years";-
"Total";"1987";"80 years";1
"Total";"1987";"81 years";-
"Total";"1987";"82 years";1
"Total";"1987";"83 years";1
"Total";"1987";"84 years";-
"Total";"1987";"85 years";-
"Total";"1987";"86 years";1
"Total";"1987";"87 years";-
"Total";"1987";"88 years";-
"Total";"1987";"89 years";-
"Total";"1987";"90 years";-
"Total";"1987";"91 years";1
"Total";"1987";"92 years";-
"Total";"1987";"93 years";-
"Total";"1987";"94 years";-
"Total";"1987";"95 years";-
"Total";"1987";"96 years";-
"Total";"1987";"97 years";-
"Total";"1987";"98 years";-
"Total";"1987";"99 years";-
"Total";"1987";"100 years";-
"Total";"1987";"101 years";-
"Total";"1987";"102 years";-
"Total";"1987";"103 years";-
"Total";"1987";"104 years";-
"Total";"1987";"105 years";-
"Total";"1987";"106 years";-
"Total";"1987";"107 years";-
"Total";"1987";"108 years";-
"Total";"1987";"109 years";-
"Total";"1987";"110 years";-
"Total";"1988";"1 year";5
"Total";"1988";"2 years";2
"Total";"1988";"3 years";10
"Total";"1988";"4 years";3
"Total";"1988";"5 years";22
"Total";"1988";"6 years";18
"Total";"1988";"7 years";14
"Total";"1988";"8 years";21
"Total";"1988";"9 years";30
"Total";"1988";"10 years";7
"Total";"1988";"11 years";20
"Total";"1988";"12 years";17
"Total";"1988";"13 years";11
"Total";"1988";"14 years";6
"Total";"1988";"15 years";24
"Total";"1988";"16 years";38
"Total";"1988";"17 years";49
"Total";"1988";"18 years";57
"Total";"1988";"19 years";95
"Total";"1988";"20 years";46
"Total";"1988";"21 years";24
"Total";"1988";"22 years";65
"Total";"1988";"23 years";43
"Total";"1988";"24 years";54
"Total";"1988";"25 years";58
"Total";"1988";"26 years";39
"Total";"1988";"27 years";56
"Total";"1988";"28 years";58
"Total";"1988";"29 years";63
"Total";"1988";"30 years";29
"Total";"1988";"31 years";39
"Total";"1988";"32 years";35
"Total";"1988";"33 years";28
"Total";"1988";"34 years";31
"Total";"1988";"35 years";14
"Total";"1988";"36 years";19
"Total";"1988";"37 years";19
"Total";"1988";"38 years";1
"Total";"1988";"39 years";12
"Total";"1988";"40 years";8
"Total";"1988";"41 years";20
"Total";"1988";"42 years";9
"Total";"1988";"43 years";16
"Total";"1988";"44 years";13
"Total";"1988";"45 years";17
"Total";"1988";"46 years";4
"Total";"1988";"47 years";8
"Total";"1988";"48 years";16
"Total";"1988";"49 years";7
"Total";"1988";"50 years";7
"Total";"1988";"51 years";9
"Total";"1988";"52 years";0
"Total";"1988";"53 years";5
"Total";"1988";"54 years";3
"Total";"1988";"55 years";5
"Total";"1988";"56 years";6
"Total";"1988";"57 years";1
"Total";"1988";"58 years";1
"Total";"1988";"59 years";3
"Total";"1988";"60 years";7
"Total";"1988";"61 years";1
"Total";"1988";"62 years";0
"Total";"1988";"63 years";4
"Total";"1988";"64 years";1
"Total";"1988";"65 years";1
"Total";"1988";"66 years";2
"Total";"1988";"67 years";5
"Total";"1988";"68 years";3
"Total";"1988";"69 years";4
"Total";"1988";"70 years";2
"Total";"1988";"71 years";7
"Total";"1988";"72 years";0
"Total";"1988";"73 years";3
"Total";"1988";"74 years";2
"Total";"1988";"75 years";3
"Total";"1988";"76 years";2
"Total";"1988";"77 years";4
"Total";"1988";"78 years";2
"Total";"1988";"79 years";1
"Total";"1988";"80 years";2
"Total";"1988";"81 years";2
"Total";"1988";"82 years";-1
"Total";"1988";"83 years";1
"Total";"1988";"84 years";1
"Total";"1988";"85 years";2
"Total";"1988";"86 years";-
"Total";"1988";"87 years";2
"Total";"1988";"88 years";1
"Total";"1988";"89 years";1
"Total";"1988";"90 years";1
"Total";"1988";"91 years";1
"Total";"1988";"92 years";2
"Total";"1988";"93 years";2
"Total";"1988";"94 years";2
"Total";"1988";"95 years";-
"Total";"1988";"96 years";1
"Total";"1988";"97 years";-
"Total";"1988";"98 years";-
"Total";"1988";"99 years";-
"Total";"1988";"100 years";-
"Total";"1988";"101 years";1
"Total";"1988";"102 years";-
"Total";"1988";"103 years";1
"Total";"1988";"104 years";-
"Total";"1988";"105 years";-
"Total";"1988";"106 years";-
"Total";"1988";"107 years";-
"Total";"1988";"108 years";-
"Total";"1988";"109 years";-
"Total";"1988";"110 years";-
"Total";"1989";"1 year";-20
"Total";"1989";"2 years";-38
"Total";"1989";"3 years";-42
"Total";"1989";"4 years";-35
"Total";"1989";"5 years";-29
"Total";"1989";"6 years";-8
"Total";"1989";"7 years";-8
"Total";"1989";"8 years";-23
"Total";"1989";"9 years";-33
"Total";"1989";"10 years";-15
"Total";"1989";"11 years";-11
"Total";"1989";"12 years";-4
"Total";"1989";"13 years";-17
"Total";"1989";"14 years";-9
"Total";"1989";"15 years";-5
"Total";"1989";"16 years";-6
"Total";"1989";"17 years";-19
"Total";"1989";"18 years";0
"Total";"1989";"19 years";-7
"Total";"1989";"20 years";-53
"Total";"1989";"21 years";-73
"Total";"1989";"22 years";-58
"Total";"1989";"23 years";-74
"Total";"1989";"24 years";-80
"Total";"1989";"25 years";-60
"Total";"1989";"26 years";-27
"Total";"1989";"27 years";-7
"Total";"1989";"28 years";-20
"Total";"1989";"29 years";-44
"Total";"1989";"30 years";-56
"Total";"1989";"31 years";-19
"Total";"1989";"32 years";-38
"Total";"1989";"33 years";-16
"Total";"1989";"34 years";-21
"Total";"1989";"35 years";-13
"Total";"1989";"36 years";-22
"Total";"1989";"37 years";-9
"Total";"1989";"38 years";-10
"Total";"1989";"39 years";-13
"Total";"1989";"40 years";-8
"Total";"1989";"41 years";-14
"Total";"1989";"42 years";3
"Total";"1989";"43 years";-10
"Total";"1989";"44 years";-3
"Total";"1989";"45 years";-4
"Total";"1989";"46 years";-16
"Total";"1989";"47 years";4
"Total";"1989";"48 years";-7
"Total";"1989";"49 years";-8
"Total";"1989";"50 years";1
"Total";"1989";"51 years";4
"Total";"1989";"52 years";-3
"Total";"1989";"53 years";2
"Total";"1989";"54 years";6
"Total";"1989";"55 years";4
"Total";"1989";"56 years";3
"Total";"1989";"57 years";3
"Total";"1989";"58 years";4
"Total";"1989";"59 years";-1
"Total";"1989";"60 years";-4
"Total";"1989";"61 years";-2
"Total";"1989";"62 years";-2
"Total";"1989";"63 years";1
"Total";"1989";"64 years";0
"Total";"1989";"65 years";0
"Total";"1989";"66 years";-2
"Total";"1989";"67 years";-1
"Total";"1989";"68 years";-2
"Total";"1989";"69 years";-1
"Total";"1989";"70 years";-1
"Total";"1989";"71 years";0
"Total";"1989";"72 years";-1
"Total";"1989";"73 years";1
"Total";"1989";"74 years";0
"Total";"1989";"75 years";-
"Total";"1989";"76 years";-
"Total";"1989";"77 years";1
"Total";"1989";"78 years";-1
"Total";"1989";"79 years";1
"Total";"1989";"80 years";-
"Total";"1989";"81 years";1
"Total";"1989";"82 years";-
"Total";"1989";"83 years";-
"Total";"1989";"84 years";-
"Total";"1989";"85 years";-1
"Total";"1989";"86 years";-
"Total";"1989";"87 years";-
"Total";"1989";"88 years";-2
"Total";"1989";"89 years";-
"Total";"1989";"90 years";-
"Total";"1989";"91 years";-
"Total";"1989";"92 years";-
"Total";"1989";"93 years";-
"Total";"1989";"94 years";-
"Total";"1989";"95 years";-
"Total";"1989";"96 years";-
"Total";"1989";"97 years";-
"Total";"1989";"98 years";-
"Total";"1989";"99 years";-
"Total";"1989";"100 years";-
"Total";"1989";"101 years";-
"Total";"1989";"102 years";-
"Total";"1989";"103 years";-
"Total";"1989";"104 years";-
"Total";"1989";"105 years";-
"Total";"1989";"106 years";-
"Total";"1989";"107 years";-
"Total";"1989";"108 years";-
"Total";"1989";"109 years";-
"Total";"1989";"110 years";-
"Total";"1990";"1 year";-25
"Total";"1990";"2 years";-31
"Total";"1990";"3 years";-25
"Total";"1990";"4 years";-23
"Total";"1990";"5 years";-23
"Total";"1990";"6 years";-8
"Total";"1990";"7 years";-10
"Total";"1990";"8 years";-7
"Total";"1990";"9 years";2
"Total";"1990";"10 years";1
"Total";"1990";"11 years";-5
"Total";"1990";"12 years";-8
"Total";"1990";"13 years";-12
"Total";"1990";"14 years";1
"Total";"1990";"15 years";-15
"Total";"1990";"16 years";8
"Total";"1990";"17 years";-19
"Total";"1990";"18 years";2
"Total";"1990";"19 years";-14
"Total";"1990";"20 years";-41
"Total";"1990";"21 years";-46
"Total";"1990";"22 years";-53
"Total";"1990";"23 years";-32
"Total";"1990";"24 years";-53
"Total";"1990";"25 years";-30
"Total";"1990";"26 years";-26
"Total";"1990";"27 years";-16
"Total";"1990";"28 years";-47
"Total";"1990";"29 years";-31
"Total";"1990";"30 years";-57
"Total";"1990";"31 years";-2
"Total";"1990";"32 years";1
"Total";"1990";"33 years";-1
"Total";"1990";"34 years";2
"Total";"1990";"35 years";7
"Total";"1990";"36 years";-2
"Total";"1990";"37 years";2
"Total";"1990";"38 years";-15
"Total";"1990";"39 years";-9
"Total";"1990";"40 years";-4
"Total";"1990";"41 years";-1
"Total";"1990";"42 years";-3
"Total";"1990";"43 years";0
"Total";"1990";"44 years";-1
"Total";"1990";"45 years";-10
"Total";"1990";"46 years";1
"Total";"1990";"47 years";-6
"Total";"1990";"48 years";2
"Total";"1990";"49 years";2
"Total";"1990";"50 years";-10
"Total";"1990";"51 years";-3
"Total";"1990";"52 years";3
"Total";"1990";"53 years";-2
"Total";"1990";"54 years";3
"Total";"1990";"55 years";-5
"Total";"1990";"56 years";2
"Total";"1990";"57 years";6
"Total";"1990";"58 years";-8
"Total";"1990";"59 years";-4
"Total";"1990";"60 years";-4
"Total";"1990";"61 years";3
"Total";"1990";"62 years";1
"Total";"1990";"63 years";3
"Total";"1990";"64 years";4
"Total";"1990";"65 years";-1
"Total";"1990";"66 years";2
"Total";"1990";"67 years";0
"Total";"1990";"68 years";-2
"Total";"1990";"69 years";1
"Total";"1990";"70 years";2
"Total";"1990";"71 years";-2
"Total";"1990";"72 years";-2
"Total";"1990";"73 years";0
"Total";"1990";"74 years";1
"Total";"1990";"75 years";-1
"Total";"1990";"76 years";1
"Total";"1990";"77 years";0
"Total";"1990";"78 years";2
"Total";"1990";"79 years";-
"Total";"1990";"80 years";-
"Total";"1990";"81 years";0
"Total";"1990";"82 years";-
"Total";"1990";"83 years";-
"Total";"1990";"84 years";-
"Total";"1990";"85 years";-
"Total";"1990";"86 years";-
"Total";"1990";"87 years";1
"Total";"1990";"88 years";1
"Total";"1990";"89 years";-
"Total";"1990";"90 years";-
"Total";"1990";"91 years";-
"Total";"1990";"92 years";-
"Total";"1990";"93 years";-
"Total";"1990";"94 years";-
"Total";"1990";"95 years";-
"Total";"1990";"96 years";-
"Total";"1990";"97 years";-
"Total";"1990";"98 years";-
"Total";"1990";"99 years";-
"Total";"1990";"100 years";-
"Total";"1990";"101 years";-
"Total";"1990";"102 years";-
"Total";"1990";"103 years";-
"Total";"1990";"104 years";-
"Total";"1990";"105 years";-
"Total";"1990";"106 years";-
"Total";"1990";"107 years";-
"Total";"1990";"108 years";-
"Total";"1990";"109 years";-
"Total";"1990";"110 years";-
"Total";"1991";"1 year";23
"Total";"1991";"2 years";7
"Total";"1991";"3 years";22
"Total";"1991";"4 years";18
"Total";"1991";"5 years";22
"Total";"1991";"6 years";5
"Total";"1991";"7 years";17
"Total";"1991";"8 years";7
"Total";"1991";"9 years";14
"Total";"1991";"10 years";16
"Total";"1991";"11 years";13
"Total";"1991";"12 years";12
"Total";"1991";"13 years";12
"Total";"1991";"14 years";17
"Total";"1991";"15 years";5
"Total";"1991";"16 years";44
"Total";"1991";"17 years";28
"Total";"1991";"18 years";37
"Total";"1991";"19 years";65
"Total";"1991";"20 years";18
"Total";"1991";"21 years";16
"Total";"1991";"22 years";28
"Total";"1991";"23 years";27
"Total";"1991";"24 years";29
"Total";"1991";"25 years";27
"Total";"1991";"26 years";32
"Total";"1991";"27 years";27
"Total";"1991";"28 years";-7
"Total";"1991";"29 years";25
"Total";"1991";"30 years";27
"Total";"1991";"31 years";43
"Total";"1991";"32 years";20
"Total";"1991";"33 years";18
"Total";"1991";"34 years";32
"Total";"1991";"35 years";34
"Total";"1991";"36 years";23
"Total";"1991";"37 years";13
"Total";"1991";"38 years";31
"Total";"1991";"39 years";-1
"Total";"1991";"40 years";5
"Total";"1991";"41 years";25
"Total";"1991";"42 years";10
"Total";"1991";"43 years";10
"Total";"1991";"44 years";8
"Total";"1991";"45 years";-3
"Total";"1991";"46 years";-1
"Total";"1991";"47 years";15
"Total";"1991";"48 years";1
"Total";"1991";"49 years";-3
"Total";"1991";"50 years";3
"Total";"1991";"51 years";1
"Total";"1991";"52 years";12
"Total";"1991";"53 years";0
"Total";"1991";"54 years";4
"Total";"1991";"55 years";3
"Total";"1991";"56 years";-3
"Total";"1991";"57 years";0
"Total";"1991";"58 years";3
"Total";"1991";"59 years";1
"Total";"1991";"60 years";-1
"Total";"1991";"61 years";0
"Total";"1991";"62 years";3
"Total";"1991";"63 years";0
"Total";"1991";"64 years";0
"Total";"1991";"65 years";2
"Total";"1991";"66 years";1
"Total";"1991";"67 years";2
"Total";"1991";"68 years";1
"Total";"1991";"69 years";2
"Total";"1991";"70 years";2
"Total";"1991";"71 years";2
"Total";"1991";"72 years";1
"Total";"1991";"73 years";2
"Total";"1991";"74 years";2
"Total";"1991";"75 years";1
"Total";"1991";"76 years";1
"Total";"1991";"77 years";-
"Total";"1991";"78 years";0
"Total";"1991";"79 years";-
"Total";"1991";"80 years";-
"Total";"1991";"81 years";-
"Total";"1991";"82 years";-1
"Total";"1991";"83 years";-
"Total";"1991";"84 years";-
"Total";"1991";"85 years";-
"Total";"1991";"86 years";1
"Total";"1991";"87 years";1
"Total";"1991";"88 years";-
"Total";"1991";"89 years";-
"Total";"1991";"90 years";-
"Total";"1991";"91 years";-
"Total";"1991";"92 years";-
"Total";"1991";"93 years";-
"Total";"1991";"94 years";-
"Total";"1991";"95 years";-
"Total";"1991";"96 years";-
"Total";"1991";"97 years";-
"Total";"1991";"98 years";-
"Total";"1991";"99 years";-
"Total";"1991";"100 years";-
"Total";"1991";"101 years";-
"Total";"1991";"102 years";-
"Total";"1991";"103 years";-
"Total";"1991";"104 years";-
"Total";"1991";"105 years";-
"Total";"1991";"106 years";-
"Total";"1991";"107 years";-
"Total";"1991";"108 years";-
"Total";"1991";"109 years";-
"Total";"1991";"110 years";-
"Total";"1992";"1 year";9
"Total";"1992";"2 years";6
"Total";"1992";"3 years";-6
"Total";"1992";"4 years";23
"Total";"1992";"5 years";16
"Total";"1992";"6 years";20
"Total";"1992";"7 years";27
"Total";"1992";"8 years";6
"Total";"1992";"9 years";8
"Total";"1992";"10 years";2
"Total";"1992";"11 years";17
"Total";"1992";"12 years";9
"Total";"1992";"13 years";12
"Total";"1992";"14 years";5
"Total";"1992";"15 years";6
"Total";"1992";"16 years";11
"Total";"1992";"17 years";-9
"Total";"1992";"18 years";16
"Total";"1992";"19 years";5
"Total";"1992";"20 years";-40
"Total";"1992";"21 years";-29
"Total";"1992";"22 years";-37
"Total";"1992";"23 years";-60
"Total";"1992";"24 years";-26
"Total";"1992";"25 years";-37
"Total";"1992";"26 years";-18
"Total";"1992";"27 years";-57
"Total";"1992";"28 years";-4
"Total";"1992";"29 years";0
"Total";"1992";"30 years";-10
"Total";"1992";"31 years";-34
"Total";"1992";"32 years";6
"Total";"1992";"33 years";-10
"Total";"1992";"34 years";-18
"Total";"1992";"35 years";8
"Total";"1992";"36 years";-7
"Total";"1992";"37 years";-10
"Total";"1992";"38 years";2
"Total";"1992";"39 years";-2
"Total";"1992";"40 years";-1
"Total";"1992";"41 years";-19
"Total";"1992";"42 years";-34
"Total";"1992";"43 years";-20
"Total";"1992";"44 years";-4
"Total";"1992";"45 years";0
"Total";"1992";"46 years";-2
"Total";"1992";"47 years";-13
"Total";"1992";"48 years";-14
"Total";"1992";"49 years";-10
"Total";"1992";"50 years";10
"Total";"1992";"51 years";-1
"Total";"1992";"52 years";-8
"Total";"1992";"53 years";-3
"Total";"1992";"54 years";-7
"Total";"1992";"55 years";-2
"Total";"1992";"56 years";4
"Total";"1992";"57 years";-2
"Total";"1992";"58 years";1
"Total";"1992";"59 years";-1
"Total";"1992";"60 years";-2
"Total";"1992";"61 years";-4
"Total";"1992";"62 years";2
"Total";"1992";"63 years";0
"Total";"1992";"64 years";0
"Total";"1992";"65 years";-2
"Total";"1992";"66 years";3
"Total";"1992";"67 years";-1
"Total";"1992";"68 years";-1
"Total";"1992";"69 years";-
"Total";"1992";"70 years";-1
"Total";"1992";"71 years";-3
"Total";"1992";"72 years";2
"Total";"1992";"73 years";-1
"Total";"1992";"74 years";-
"Total";"1992";"75 years";1
"Total";"1992";"76 years";-
"Total";"1992";"77 years";1
"Total";"1992";"78 years";1
"Total";"1992";"79 years";-
"Total";"1992";"80 years";1
"Total";"1992";"81 years";-
"Total";"1992";"82 years";-1
"Total";"1992";"83 years";1
"Total";"1992";"84 years";-
"Total";"1992";"85 years";-
"Total";"1992";"86 years";-
"Total";"1992";"87 years";-1
"Total";"1992";"88 years";-
"Total";"1992";"89 years";-
"Total";"1992";"90 years";1
"Total";"1992";"91 years";-
"Total";"1992";"92 years";-
"Total";"1992";"93 years";-
"Total";"1992";"94 years";-
"Total";"1992";"95 years";-
"Total";"1992";"96 years";-
"Total";"1992";"97 years";-
"Total";"1992";"98 years";-
"Total";"1992";"99 years";-
"Total";"1992";"100 years";-
"Total";"1992";"101 years";-
"Total";"1992";"102 years";-
"Total";"1992";"103 years";-
"Total";"1992";"104 years";-
"Total";"1992";"105 years";-
"Total";"1992";"106 years";-
"Total";"1992";"107 years";-
"Total";"1992";"108 years";-
"Total";"1992";"109 years";-
"Total";"1992";"110 years";-
"Total";"1993";"1 year";2
"Total";"1993";"2 years";-11
"Total";"1993";"3 years";6
"Total";"1993";"4 years";-5
"Total";"1993";"5 years";0
"Total";"1993";"6 years";-2
"Total";"1993";"7 years";3
"Total";"1993";"8 years";8
"Total";"1993";"9 years";-7
"Total";"1993";"10 years";12
"Total";"1993";"11 years";16
"Total";"1993";"12 years";-2
"Total";"1993";"13 years";15
"Total";"1993";"14 years";-2
"Total";"1993";"15 years";0
"Total";"1993";"16 years";13
"Total";"1993";"17 years";20
"Total";"1993";"18 years";20
"Total";"1993";"19 years";5
"Total";"1993";"20 years";-50
"Total";"1993";"21 years";-41
"Total";"1993";"22 years";-25
"Total";"1993";"23 years";-18
"Total";"1993";"24 years";-37
"Total";"1993";"25 years";-45
"Total";"1993";"26 years";-17
"Total";"1993";"27 years";-22
"Total";"1993";"28 years";-14
"Total";"1993";"29 years";-17
"Total";"1993";"30 years";-30
"Total";"1993";"31 years";9
"Total";"1993";"32 years";-11
"Total";"1993";"33 years";-16
"Total";"1993";"34 years";-14
"Total";"1993";"35 years";12
"Total";"1993";"36 years";-6
"Total";"1993";"37 years";6
"Total";"1993";"38 years";1
"Total";"1993";"39 years";2
"Total";"1993";"40 years";-2
"Total";"1993";"41 years";11
"Total";"1993";"42 years";4
"Total";"1993";"43 years";-1
"Total";"1993";"44 years";10
"Total";"1993";"45 years";-6
"Total";"1993";"46 years";-6
"Total";"1993";"47 years";-2
"Total";"1993";"48 years";10
"Total";"1993";"49 years";-8
"Total";"1993";"50 years";-2
"Total";"1993";"51 years";-1
"Total";"1993";"52 years";1
"Total";"1993";"53 years";-3
"Total";"1993";"54 years";-2
"Total";"1993";"55 years";-4
"Total";"1993";"56 years";5
"Total";"1993";"57 years";1
"Total";"1993";"58 years";-4
"Total";"1993";"59 years";-2
"Total";"1993";"60 years";-3
"Total";"1993";"61 years";1
"Total";"1993";"62 years";-2
"Total";"1993";"63 years";-6
"Total";"1993";"64 years";0
"Total";"1993";"65 years";-4
"Total";"1993";"66 years";-7
"Total";"1993";"67 years";4
"Total";"1993";"68 years";1
"Total";"1993";"69 years";1
"Total";"1993";"70 years";1
"Total";"1993";"71 years";0
"Total";"1993";"72 years";1
"Total";"1993";"73 years";1
"Total";"1993";"74 years";-
"Total";"1993";"75 years";-
"Total";"1993";"76 years";2
"Total";"1993";"77 years";3
"Total";"1993";"78 years";-
"Total";"1993";"79 years";0
"Total";"1993";"80 years";-
"Total";"1993";"81 years";-
"Total";"1993";"82 years";-
"Total";"1993";"83 years";1
"Total";"1993";"84 years";-2
"Total";"1993";"85 years";-
"Total";"1993";"86 years";-
"Total";"1993";"87 years";-
"Total";"1993";"88 years";-
"Total";"1993";"89 years";-
"Total";"1993";"90 years";-
"Total";"1993";"91 years";-
"Total";"1993";"92 years";-
"Total";"1993";"93 years";-
"Total";"1993";"94 years";-
"Total";"1993";"95 years";-
"Total";"1993";"96 years";-
"Total";"1993";"97 years";-
"Total";"1993";"98 years";-
"Total";"1993";"99 years";-
"Total";"1993";"100 years";-
"Total";"1993";"101 years";-
"Total";"1993";"102 years";-
"Total";"1993";"103 years";-
"Total";"1993";"104 years";-
"Total";"1993";"105 years";-
"Total";"1993";"106 years";-
"Total";"1993";"107 years";-
"Total";"1993";"108 years";-
"Total";"1993";"109 years";-
"Total";"1993";"110 years";-
"Total";"1994";"1 year";-26
"Total";"1994";"2 years";-8
"Total";"1994";"3 years";-31
"Total";"1994";"4 years";-14
"Total";"1994";"5 years";-20
"Total";"1994";"6 years";-9
"Total";"1994";"7 years";-15
"Total";"1994";"8 years";-17
"Total";"1994";"9 years";-4
"Total";"1994";"10 years";-10
"Total";"1994";"11 years";-12
"Total";"1994";"12 years";-16
"Total";"1994";"13 years";-9
"Total";"1994";"14 years";-10
"Total";"1994";"15 years";-15
"Total";"1994";"16 years";10
"Total";"1994";"17 years";18
"Total";"1994";"18 years";0
"Total";"1994";"19 years";-4
"Total";"1994";"20 years";-42
"Total";"1994";"21 years";-52
"Total";"1994";"22 years";-37
"Total";"1994";"23 years";-38
"Total";"1994";"24 years";-85
"Total";"1994";"25 years";-42
"Total";"1994";"26 years";-49
"Total";"1994";"27 years";-54
"Total";"1994";"28 years";-26
"Total";"1994";"29 years";-29
"Total";"1994";"30 years";-9
"Total";"1994";"31 years";-24
"Total";"1994";"32 years";-7
"Total";"1994";"33 years";-15
"Total";"1994";"34 years";0
"Total";"1994";"35 years";-12
"Total";"1994";"36 years";-20
"Total";"1994";"37 years";-16
"Total";"1994";"38 years";-17
"Total";"1994";"39 years";-7
"Total";"1994";"40 years";-5
"Total";"1994";"41 years";-20
"Total";"1994";"42 years";-19
"Total";"1994";"43 years";-9
"Total";"1994";"44 years";0
"Total";"1994";"45 years";-5
"Total";"1994";"46 years";5
"Total";"1994";"47 years";-1
"Total";"1994";"48 years";-12
"Total";"1994";"49 years";-4
"Total";"1994";"50 years";2
"Total";"1994";"51 years";-1
"Total";"1994";"52 years";-3
"Total";"1994";"53 years";1
"Total";"1994";"54 years";4
"Total";"1994";"55 years";-3
"Total";"1994";"56 years";0
"Total";"1994";"57 years";4
"Total";"1994";"58 years";3
"Total";"1994";"59 years";-1
"Total";"1994";"60 years";2
"Total";"1994";"61 years";0
"Total";"1994";"62 years";-1
"Total";"1994";"63 years";0
"Total";"1994";"64 years";1
"Total";"1994";"65 years";1
"Total";"1994";"66 years";0
"Total";"1994";"67 years";2
"Total";"1994";"68 years";1
"Total";"1994";"69 years";1
"Total";"1994";"70 years";1
"Total";"1994";"71 years";0
"Total";"1994";"72 years";2
"Total";"1994";"73 years";1
"Total";"1994";"74 years";0
"Total";"1994";"75 years";-
"Total";"1994";"76 years";2
"Total";"1994";"77 years";-1
"Total";"1994";"78 years";-
"Total";"1994";"79 years";-
"Total";"1994";"80 years";1
"Total";"1994";"81 years";0
"Total";"1994";"82 years";0
"Total";"1994";"83 years";-
"Total";"1994";"84 years";-
"Total";"1994";"85 years";-
"Total";"1994";"86 years";-
"Total";"1994";"87 years";-
"Total";"1994";"88 years";-
"Total";"1994";"89 years";-
"Total";"1994";"90 years";-
"Total";"1994";"91 years";-
"Total";"1994";"92 years";-
"Total";"1994";"93 years";-
"Total";"1994";"94 years";-
"Total";"1994";"95 years";-
"Total";"1994";"96 years";-
"Total";"1994";"97 years";-
"Total";"1994";"98 years";-
"Total";"1994";"99 years";-
"Total";"1994";"100 years";-
"Total";"1994";"101 years";-
"Total";"1994";"102 years";-
"Total";"1994";"103 years";-
"Total";"1994";"104 years";-
"Total";"1994";"105 years";-
"Total";"1994";"106 years";-
"Total";"1994";"107 years";-
"Total";"1994";"108 years";-
"Total";"1994";"109 years";-
"Total";"1994";"110 years";-
"Total";"1995";"1 year";-35
"Total";"1995";"2 years";-50
"Total";"1995";"3 years";-42
"Total";"1995";"4 years";-20
"Total";"1995";"5 years";-28
"Total";"1995";"6 years";-20
"Total";"1995";"7 years";-31
"Total";"1995";"8 years";-42
"Total";"1995";"9 years";-8
"Total";"1995";"10 years";-29
"Total";"1995";"11 years";-24
"Total";"1995";"12 years";-20
"Total";"1995";"13 years";-9
"Total";"1995";"14 years";-10
"Total";"1995";"15 years";0
"Total";"1995";"16 years";12
"Total";"1995";"17 years";-19
"Total";"1995";"18 years";-25
"Total";"1995";"19 years";3
"Total";"1995";"20 years";-47
"Total";"1995";"21 years";-75
"Total";"1995";"22 years";-57
"Total";"1995";"23 years";-67
"Total";"1995";"24 years";-80
"Total";"1995";"25 years";-61
"Total";"1995";"26 years";-80
"Total";"1995";"27 years";-49
"Total";"1995";"28 years";-72
"Total";"1995";"29 years";-37
"Total";"1995";"30 years";-34
"Total";"1995";"31 years";-41
"Total";"1995";"32 years";-47
"Total";"1995";"33 years";-10
"Total";"1995";"34 years";-42
"Total";"1995";"35 years";-33
"Total";"1995";"36 years";-21
"Total";"1995";"37 years";-21
"Total";"1995";"38 years";-21
"Total";"1995";"39 years";-18
"Total";"1995";"40 years";-12
"Total";"1995";"41 years";1
"Total";"1995";"42 years";-22
"Total";"1995";"43 years";-1
"Total";"1995";"44 years";-23
"Total";"1995";"45 years";-23
"Total";"1995";"46 years";-10
"Total";"1995";"47 years";-10
"Total";"1995";"48 years";-7
"Total";"1995";"49 years";-1
"Total";"1995";"50 years";-2
"Total";"1995";"51 years";-8
"Total";"1995";"52 years";-1
"Total";"1995";"53 years";-2
"Total";"1995";"54 years";-1
"Total";"1995";"55 years";0
"Total";"1995";"56 years";-4
"Total";"1995";"57 years";2
"Total";"1995";"58 years";-2
"Total";"1995";"59 years";-3
"Total";"1995";"60 years";1
"Total";"1995";"61 years";-1
"Total";"1995";"62 years";-4
"Total";"1995";"63 years";-2
"Total";"1995";"64 years";2
"Total";"1995";"65 years";1
"Total";"1995";"66 years";0
"Total";"1995";"67 years";3
"Total";"1995";"68 years";-4
"Total";"1995";"69 years";1
"Total";"1995";"70 years";1
"Total";"1995";"71 years";1
"Total";"1995";"72 years";-
"Total";"1995";"73 years";1
"Total";"1995";"74 years";-
"Total";"1995";"75 years";2
"Total";"1995";"76 years";-
"Total";"1995";"77 years";-
"Total";"1995";"78 years";0
"Total";"1995";"79 years";-
"Total";"1995";"80 years";-
"Total";"1995";"81 years";-
"Total";"1995";"82 years";-
"Total";"1995";"83 years";-
"Total";"1995";"84 years";-
"Total";"1995";"85 years";-
"Total";"1995";"86 years";-
"Total";"1995";"87 years";-
"Total";"1995";"88 years";-
"Total";"1995";"89 years";-
"Total";"1995";"90 years";-
"Total";"1995";"91 years";-
"Total";"1995";"92 years";-
"Total";"1995";"93 years";-
"Total";"1995";"94 years";-
"Total";"1995";"95 years";-
"Total";"1995";"96 years";-
"Total";"1995";"97 years";-
"Total";"1995";"98 years";-
"Total";"1995";"99 years";-
"Total";"1995";"100 years";-
"Total";"1995";"101 years";-
"Total";"1995";"102 years";-
"Total";"1995";"103 years";-
"Total";"1995";"104 years";-
"Total";"1995";"105 years";-
"Total";"1995";"106 years";-
"Total";"1995";"107 years";-
"Total";"1995";"108 years";-
"Total";"1995";"109 years";-
"Total";"1995";"110 years";-
"Total";"1996";"1 year";-30
"Total";"1996";"2 years";-19
"Total";"1996";"3 years";-41
"Total";"1996";"4 years";-25
"Total";"1996";"5 years";-25
"Total";"1996";"6 years";-20
"Total";"1996";"7 years";-27
"Total";"1996";"8 years";4
"Total";"1996";"9 years";-8
"Total";"1996";"10 years";-21
"Total";"1996";"11 years";-8
"Total";"1996";"12 years";-11
"Total";"1996";"13 years";14
"Total";"1996";"14 years";4
"Total";"1996";"15 years";2
"Total";"1996";"16 years";10
"Total";"1996";"17 years";9
"Total";"1996";"18 years";21
"Total";"1996";"19 years";5
"Total";"1996";"20 years";-3
"Total";"1996";"21 years";-12
"Total";"1996";"22 years";3
"Total";"1996";"23 years";-8
"Total";"1996";"24 years";-22
"Total";"1996";"25 years";-21
"Total";"1996";"26 years";-43
"Total";"1996";"27 years";-20
"Total";"1996";"28 years";-35
"Total";"1996";"29 years";-35
"Total";"1996";"30 years";-43
"Total";"1996";"31 years";-34
"Total";"1996";"32 years";-33
"Total";"1996";"33 years";-8
"Total";"1996";"34 years";3
"Total";"1996";"35 years";12
"Total";"1996";"36 years";14
"Total";"1996";"37 years";-15
"Total";"1996";"38 years";-5
"Total";"1996";"39 years";3
"Total";"1996";"40 years";-5
"Total";"1996";"41 years";-17
"Total";"1996";"42 years";-18
"Total";"1996";"43 years";-4
"Total";"1996";"44 years";2
"Total";"1996";"45 years";1
"Total";"1996";"46 years";-7
"Total";"1996";"47 years";-1
"Total";"1996";"48 years";-8
"Total";"1996";"49 years";-5
"Total";"1996";"50 years";-3
"Total";"1996";"51 years";1
"Total";"1996";"52 years";5
"Total";"1996";"53 years";4
"Total";"1996";"54 years";11
"Total";"1996";"55 years";6
"Total";"1996";"56 years";4
"Total";"1996";"57 years";1
"Total";"1996";"58 years";-5
"Total";"1996";"59 years";0
"Total";"1996";"60 years";-3
"Total";"1996";"61 years";2
"Total";"1996";"62 years";-1
"Total";"1996";"63 years";3
"Total";"1996";"64 years";2
"Total";"1996";"65 years";2
"Total";"1996";"66 years";1
"Total";"1996";"67 years";-1
"Total";"1996";"68 years";3
"Total";"1996";"69 years";0
"Total";"1996";"70 years";1
"Total";"1996";"71 years";1
"Total";"1996";"72 years";0
"Total";"1996";"73 years";1
"Total";"1996";"74 years";-
"Total";"1996";"75 years";0
"Total";"1996";"76 years";2
"Total";"1996";"77 years";-
"Total";"1996";"78 years";0
"Total";"1996";"79 years";-
"Total";"1996";"80 years";-
"Total";"1996";"81 years";-
"Total";"1996";"82 years";-
"Total";"1996";"83 years";-
"Total";"1996";"84 years";-1
"Total";"1996";"85 years";0
"Total";"1996";"86 years";-
"Total";"1996";"87 years";-
"Total";"1996";"88 years";-
"Total";"1996";"89 years";-
"Total";"1996";"90 years";-
"Total";"1996";"91 years";-1
"Total";"1996";"92 years";-
"Total";"1996";"93 years";-
"Total";"1996";"94 years";-
"Total";"1996";"95 years";-
"Total";"1996";"96 years";-
"Total";"1996";"97 years";-
"Total";"1996";"98 years";-
"Total";"1996";"99 years";-
"Total";"1996";"100 years";-
"Total";"1996";"101 years";-
"Total";"1996";"102 years";-
"Total";"1996";"103 years";-
"Total";"1996";"104 years";-
"Total";"1996";"105 years";-
"Total";"1996";"106 years";-
"Total";"1996";"107 years";-
"Total";"1996";"108 years";-
"Total";"1996";"109 years";-
"Total";"1996";"110 years";-
"Total";"1997";"1 year";-30
"Total";"1997";"2 years";-14
"Total";"1997";"3 years";-19
"Total";"1997";"4 years";4
"Total";"1997";"5 years";-7
"Total";"1997";"6 years";-8
"Total";"1997";"7 years";-3
"Total";"1997";"8 years";-12
"Total";"1997";"9 years";-11
"Total";"1997";"10 years";-3
"Total";"1997";"11 years";19
"Total";"1997";"12 years";0
"Total";"1997";"13 years";5
"Total";"1997";"14 years";14
"Total";"1997";"15 years";14
"Total";"1997";"16 years";23
"Total";"1997";"17 years";12
"Total";"1997";"18 years";29
"Total";"1997";"19 years";31
"Total";"1997";"20 years";-27
"Total";"1997";"21 years";-32
"Total";"1997";"22 years";-8
"Total";"1997";"23 years";16
"Total";"1997";"24 years";0
"Total";"1997";"25 years";-15
"Total";"1997";"26 years";-21
"Total";"1997";"27 years";18
"Total";"1997";"28 years";21
"Total";"1997";"29 years";-40
"Total";"1997";"30 years";-26
"Total";"1997";"31 years";-17
"Total";"1997";"32 years";-21
"Total";"1997";"33 years";-11
"Total";"1997";"34 years";3
"Total";"1997";"35 years";-2
"Total";"1997";"36 years";-6
"Total";"1997";"37 years";22
"Total";"1997";"38 years";24
"Total";"1997";"39 years";-3
"Total";"1997";"40 years";7
"Total";"1997";"41 years";8
"Total";"1997";"42 years";16
"Total";"1997";"43 years";-7
"Total";"1997";"44 years";0
"Total";"1997";"45 years";19
"Total";"1997";"46 years";0
"Total";"1997";"47 years";4
"Total";"1997";"48 years";6
"Total";"1997";"49 years";6
"Total";"1997";"50 years";4
"Total";"1997";"51 years";13
"Total";"1997";"52 years";6
"Total";"1997";"53 years";-4
"Total";"1997";"54 years";3
"Total";"1997";"55 years";0
"Total";"1997";"56 years";4
"Total";"1997";"57 years";4
"Total";"1997";"58 years";-3
"Total";"1997";"59 years";-2
"Total";"1997";"60 years";4
"Total";"1997";"61 years";2
"Total";"1997";"62 years";1
"Total";"1997";"63 years";0
"Total";"1997";"64 years";0
"Total";"1997";"65 years";2
"Total";"1997";"66 years";2
"Total";"1997";"67 years";1
"Total";"1997";"68 years";2
"Total";"1997";"69 years";-
"Total";"1997";"70 years";2
"Total";"1997";"71 years";3
"Total";"1997";"72 years";2
"Total";"1997";"73 years";2
"Total";"1997";"74 years";-2
"Total";"1997";"75 years";1
"Total";"1997";"76 years";0
"Total";"1997";"77 years";-1
"Total";"1997";"78 years";2
"Total";"1997";"79 years";-
"Total";"1997";"80 years";-1
"Total";"1997";"81 years";-
"Total";"1997";"82 years";-1
"Total";"1997";"83 years";-
"Total";"1997";"84 years";-
"Total";"1997";"85 years";1
"Total";"1997";"86 years";-1
"Total";"1997";"87 years";-
"Total";"1997";"88 years";-
"Total";"1997";"89 years";-
"Total";"1997";"90 years";-
"Total";"1997";"91 years";-
"Total";"1997";"92 years";-
"Total";"1997";"93 years";1
"Total";"1997";"94 years";-
"Total";"1997";"95 years";-
"Total";"1997";"96 years";-
"Total";"1997";"97 years";-
"Total";"1997";"98 years";-
"Total";"1997";"99 years";-
"Total";"1997";"100 years";-
"Total";"1997";"101 years";-
"Total";"1997";"102 years";-
"Total";"1997";"103 years";-
"Total";"1997";"104 years";-
"Total";"1997";"105 years";-
"Total";"1997";"106 years";-
"Total";"1997";"107 years";-
"Total";"1997";"108 years";-
"Total";"1997";"109 years";-
"Total";"1997";"110 years";-
"Total";"1998";"1 year";10
"Total";"1998";"2 years";5
"Total";"1998";"3 years";14
"Total";"1998";"4 years";14
"Total";"1998";"5 years";5
"Total";"1998";"6 years";2
"Total";"1998";"7 years";-10
"Total";"1998";"8 years";18
"Total";"1998";"9 years";28
"Total";"1998";"10 years";1
"Total";"1998";"11 years";8
"Total";"1998";"12 years";-3
"Total";"1998";"13 years";11
"Total";"1998";"14 years";6
"Total";"1998";"15 years";-15
"Total";"1998";"16 years";14
"Total";"1998";"17 years";-1
"Total";"1998";"18 years";4
"Total";"1998";"19 years";38
"Total";"1998";"20 years";27
"Total";"1998";"21 years";10
"Total";"1998";"22 years";-14
"Total";"1998";"23 years";31
"Total";"1998";"24 years";20
"Total";"1998";"25 years";17
"Total";"1998";"26 years";23
"Total";"1998";"27 years";37
"Total";"1998";"28 years";13
"Total";"1998";"29 years";21
"Total";"1998";"30 years";22
"Total";"1998";"31 years";56
"Total";"1998";"32 years";38
"Total";"1998";"33 years";16
"Total";"1998";"34 years";24
"Total";"1998";"35 years";20
"Total";"1998";"36 years";15
"Total";"1998";"37 years";11
"Total";"1998";"38 years";27
"Total";"1998";"39 years";15
"Total";"1998";"40 years";26
"Total";"1998";"41 years";25
"Total";"1998";"42 years";9
"Total";"1998";"43 years";21
"Total";"1998";"44 years";10
"Total";"1998";"45 years";11
"Total";"1998";"46 years";10
"Total";"1998";"47 years";4
"Total";"1998";"48 years";13
"Total";"1998";"49 years";20
"Total";"1998";"50 years";12
"Total";"1998";"51 years";10
"Total";"1998";"52 years";4
"Total";"1998";"53 years";6
"Total";"1998";"54 years";-1
"Total";"1998";"55 years";5
"Total";"1998";"56 years";3
"Total";"1998";"57 years";7
"Total";"1998";"58 years";0
"Total";"1998";"59 years";-2
"Total";"1998";"60 years";2
"Total";"1998";"61 years";1
"Total";"1998";"62 years";1
"Total";"1998";"63 years";2
"Total";"1998";"64 years";0
"Total";"1998";"65 years";4
"Total";"1998";"66 years";1
"Total";"1998";"67 years";3
"Total";"1998";"68 years";2
"Total";"1998";"69 years";0
"Total";"1998";"70 years";0
"Total";"1998";"71 years";-
"Total";"1998";"72 years";-
"Total";"1998";"73 years";1
"Total";"1998";"74 years";-2
"Total";"1998";"75 years";1
"Total";"1998";"76 years";-1
"Total";"1998";"77 years";-
"Total";"1998";"78 years";-
"Total";"1998";"79 years";0
"Total";"1998";"80 years";-
"Total";"1998";"81 years";0
"Total";"1998";"82 years";1
"Total";"1998";"83 years";-1
"Total";"1998";"84 years";-
"Total";"1998";"85 years";-
"Total";"1998";"86 years";-
"Total";"1998";"87 years";-1
"Total";"1998";"88 years";-
"Total";"1998";"89 years";-
"Total";"1998";"90 years";-
"Total";"1998";"91 years";-
"Total";"1998";"92 years";-
"Total";"1998";"93 years";-
"Total";"1998";"94 years";-
"Total";"1998";"95 years";-
"Total";"1998";"96 years";-
"Total";"1998";"97 years";-
"Total";"1998";"98 years";-
"Total";"1998";"99 years";-
"Total";"1998";"100 years";-
"Total";"1998";"101 years";-
"Total";"1998";"102 years";-
"Total";"1998";"103 years";-
"Total";"1998";"104 years";-
"Total";"1998";"105 years";-
"Total";"1998";"106 years";-
"Total";"1998";"107 years";-
"Total";"1998";"108 years";-
"Total";"1998";"109 years";-
"Total";"1998";"110 years";-
"Total";"1999";"1 year";14
"Total";"1999";"2 years";2
"Total";"1999";"3 years";27
"Total";"1999";"4 years";29
"Total";"1999";"5 years";20
"Total";"1999";"6 years";27
"Total";"1999";"7 years";15
"Total";"1999";"8 years";21
"Total";"1999";"9 years";18
"Total";"1999";"10 years";15
"Total";"1999";"11 years";8
"Total";"1999";"12 years";20
"Total";"1999";"13 years";38
"Total";"1999";"14 years";24
"Total";"1999";"15 years";41
"Total";"1999";"16 years";66
"Total";"1999";"17 years";29
"Total";"1999";"18 years";54
"Total";"1999";"19 years";17
"Total";"1999";"20 years";14
"Total";"1999";"21 years";10
"Total";"1999";"22 years";36
"Total";"1999";"23 years";12
"Total";"1999";"24 years";-10
"Total";"1999";"25 years";26
"Total";"1999";"26 years";22
"Total";"1999";"27 years";35
"Total";"1999";"28 years";34
"Total";"1999";"29 years";34
"Total";"1999";"30 years";26
"Total";"1999";"31 years";21
"Total";"1999";"32 years";10
"Total";"1999";"33 years";18
"Total";"1999";"34 years";27
"Total";"1999";"35 years";50
"Total";"1999";"36 years";23
"Total";"1999";"37 years";10
"Total";"1999";"38 years";5
"Total";"1999";"39 years";29
"Total";"1999";"40 years";25
"Total";"1999";"41 years";28
"Total";"1999";"42 years";14
"Total";"1999";"43 years";18
"Total";"1999";"44 years";-3
"Total";"1999";"45 years";15
"Total";"1999";"46 years";-17
"Total";"1999";"47 years";4
"Total";"1999";"48 years";13
"Total";"1999";"49 years";4
"Total";"1999";"50 years";9
"Total";"1999";"51 years";4
"Total";"1999";"52 years";-1
"Total";"1999";"53 years";-8
"Total";"1999";"54 years";1
"Total";"1999";"55 years";2
"Total";"1999";"56 years";1
"Total";"1999";"57 years";0
"Total";"1999";"58 years";3
"Total";"1999";"59 years";-3
"Total";"1999";"60 years";4
"Total";"1999";"61 years";-6
"Total";"1999";"62 years";1
"Total";"1999";"63 years";1
"Total";"1999";"64 years";1
"Total";"1999";"65 years";4
"Total";"1999";"66 years";7
"Total";"1999";"67 years";-1
"Total";"1999";"68 years";2
"Total";"1999";"69 years";0
"Total";"1999";"70 years";-2
"Total";"1999";"71 years";-1
"Total";"1999";"72 years";0
"Total";"1999";"73 years";6
"Total";"1999";"74 years";3
"Total";"1999";"75 years";1
"Total";"1999";"76 years";0
"Total";"1999";"77 years";0
"Total";"1999";"78 years";1
"Total";"1999";"79 years";1
"Total";"1999";"80 years";2
"Total";"1999";"81 years";-
"Total";"1999";"82 years";-1
"Total";"1999";"83 years";-1
"Total";"1999";"84 years";-1
"Total";"1999";"85 years";-
"Total";"1999";"86 years";1
"Total";"1999";"87 years";-
"Total";"1999";"88 years";1
"Total";"1999";"89 years";-
"Total";"1999";"90 years";-
"Total";"1999";"91 years";-
"Total";"1999";"92 years";-
"Total";"1999";"93 years";-
"Total";"1999";"94 years";-
"Total";"1999";"95 years";-
"Total";"1999";"96 years";-
"Total";"1999";"97 years";-
"Total";"1999";"98 years";-
"Total";"1999";"99 years";-
"Total";"1999";"100 years";-
"Total";"1999";"101 years";-
"Total";"1999";"102 years";-
"Total";"1999";"103 years";-
"Total";"1999";"104 years";-
"Total";"1999";"105 years";-
"Total";"1999";"106 years";-
"Total";"1999";"107 years";-
"Total";"1999";"108 years";-
"Total";"1999";"109 years";-
"Total";"1999";"110 years";-
"Total";"2000";"1 year";1
"Total";"2000";"2 years";10
"Total";"2000";"3 years";30
"Total";"2000";"4 years";31
"Total";"2000";"5 years";18
"Total";"2000";"6 years";20
"Total";"2000";"7 years";35
"Total";"2000";"8 years";19
"Total";"2000";"9 years";5
"Total";"2000";"10 years";24
"Total";"2000";"11 years";8
"Total";"2000";"12 years";22
"Total";"2000";"13 years";20
"Total";"2000";"14 years";27
"Total";"2000";"15 years";11
"Total";"2000";"16 years";9
"Total";"2000";"17 years";19
"Total";"2000";"18 years";59
"Total";"2000";"19 years";81
"Total";"2000";"20 years";27
"Total";"2000";"21 years";32
"Total";"2000";"22 years";53
"Total";"2000";"23 years";62
"Total";"2000";"24 years";40
"Total";"2000";"25 years";84
"Total";"2000";"26 years";5
"Total";"2000";"27 years";55
"Total";"2000";"28 years";36
"Total";"2000";"29 years";49
"Total";"2000";"30 years";45
"Total";"2000";"31 years";64
"Total";"2000";"32 years";67
"Total";"2000";"33 years";44
"Total";"2000";"34 years";38
"Total";"2000";"35 years";26
"Total";"2000";"36 years";45
"Total";"2000";"37 years";44
"Total";"2000";"38 years";37
"Total";"2000";"39 years";57
"Total";"2000";"40 years";29
"Total";"2000";"41 years";23
"Total";"2000";"42 years";32
"Total";"2000";"43 years";16
"Total";"2000";"44 years";19
"Total";"2000";"45 years";15
"Total";"2000";"46 years";14
"Total";"2000";"47 years";12
"Total";"2000";"48 years";14
"Total";"2000";"49 years";5
"Total";"2000";"50 years";6
"Total";"2000";"51 years";8
"Total";"2000";"52 years";8
"Total";"2000";"53 years";1
"Total";"2000";"54 years";4
"Total";"2000";"55 years";-1
"Total";"2000";"56 years";5
"Total";"2000";"57 years";-2
"Total";"2000";"58 years";6
"Total";"2000";"59 years";3
"Total";"2000";"60 years";6
"Total";"2000";"61 years";-1
"Total";"2000";"62 years";7
"Total";"2000";"63 years";0
"Total";"2000";"64 years";9
"Total";"2000";"65 years";2
"Total";"2000";"66 years";1
"Total";"2000";"67 years";3
"Total";"2000";"68 years";5
"Total";"2000";"69 years";2
"Total";"2000";"70 years";-1
"Total";"2000";"71 years";2
"Total";"2000";"72 years";1
"Total";"2000";"73 years";2
"Total";"2000";"74 years";-3
"Total";"2000";"75 years";-
"Total";"2000";"76 years";1
"Total";"2000";"77 years";2
"Total";"2000";"78 years";-
"Total";"2000";"79 years";-
"Total";"2000";"80 years";1
"Total";"2000";"81 years";-
"Total";"2000";"82 years";-
"Total";"2000";"83 years";-
"Total";"2000";"84 years";-
"Total";"2000";"85 years";-
"Total";"2000";"86 years";-
"Total";"2000";"87 years";-
"Total";"2000";"88 years";-
"Total";"2000";"89 years";-
"Total";"2000";"90 years";-
"Total";"2000";"91 years";-
"Total";"2000";"92 years";-
"Total";"2000";"93 years";-
"Total";"2000";"94 years";-
"Total";"2000";"95 years";-
"Total";"2000";"96 years";-
"Total";"2000";"97 years";-
"Total";"2000";"98 years";-
"Total";"2000";"99 years";-
"Total";"2000";"100 years";-
"Total";"2000";"101 years";-
"Total";"2000";"102 years";-
"Total";"2000";"103 years";-
"Total";"2000";"104 years";-
"Total";"2000";"105 years";-
"Total";"2000";"106 years";-
"Total";"2000";"107 years";-
"Total";"2000";"108 years";-
"Total";"2000";"109 years";-
"Total";"2000";"110 years";-
"Total";"2001";"1 year";2
"Total";"2001";"2 years";8
"Total";"2001";"3 years";-13
"Total";"2001";"4 years";2
"Total";"2001";"5 years";9
"Total";"2001";"6 years";1
"Total";"2001";"7 years";21
"Total";"2001";"8 years";20
"Total";"2001";"9 years";27
"Total";"2001";"10 years";16
"Total";"2001";"11 years";26
"Total";"2001";"12 years";7
"Total";"2001";"13 years";34
"Total";"2001";"14 years";15
"Total";"2001";"15 years";16
"Total";"2001";"16 years";30
"Total";"2001";"17 years";3
"Total";"2001";"18 years";9
"Total";"2001";"19 years";53
"Total";"2001";"20 years";33
"Total";"2001";"21 years";12
"Total";"2001";"22 years";23
"Total";"2001";"23 years";48
"Total";"2001";"24 years";28
"Total";"2001";"25 years";28
"Total";"2001";"26 years";-4
"Total";"2001";"27 years";22
"Total";"2001";"28 years";19
"Total";"2001";"29 years";6
"Total";"2001";"30 years";5
"Total";"2001";"31 years";19
"Total";"2001";"32 years";17
"Total";"2001";"33 years";43
"Total";"2001";"34 years";37
"Total";"2001";"35 years";26
"Total";"2001";"36 years";44
"Total";"2001";"37 years";19
"Total";"2001";"38 years";13
"Total";"2001";"39 years";12
"Total";"2001";"40 years";11
"Total";"2001";"41 years";10
"Total";"2001";"42 years";16
"Total";"2001";"43 years";20
"Total";"2001";"44 years";6
"Total";"2001";"45 years";11
"Total";"2001";"46 years";23
"Total";"2001";"47 years";5
"Total";"2001";"48 years";15
"Total";"2001";"49 years";13
"Total";"2001";"50 years";-8
"Total";"2001";"51 years";14
"Total";"2001";"52 years";17
"Total";"2001";"53 years";1
"Total";"2001";"54 years";0
"Total";"2001";"55 years";6
"Total";"2001";"56 years";2
"Total";"2001";"57 years";3
"Total";"2001";"58 years";1
"Total";"2001";"59 years";5
"Total";"2001";"60 years";-2
"Total";"2001";"61 years";-2
"Total";"2001";"62 years";0
"Total";"2001";"63 years";1
"Total";"2001";"64 years";1
"Total";"2001";"65 years";-3
"Total";"2001";"66 years";-2
"Total";"2001";"67 years";1
"Total";"2001";"68 years";2
"Total";"2001";"69 years";2
"Total";"2001";"70 years";2
"Total";"2001";"71 years";2
"Total";"2001";"72 years";1
"Total";"2001";"73 years";-1
"Total";"2001";"74 years";1
"Total";"2001";"75 years";-1
"Total";"2001";"76 years";2
"Total";"2001";"77 years";-1
"Total";"2001";"78 years";1
"Total";"2001";"79 years";-
"Total";"2001";"80 years";1
"Total";"2001";"81 years";-
"Total";"2001";"82 years";2
"Total";"2001";"83 years";-
"Total";"2001";"84 years";-
"Total";"2001";"85 years";-
"Total";"2001";"86 years";-1
"Total";"2001";"87 years";-
"Total";"2001";"88 years";0
"Total";"2001";"89 years";-1
"Total";"2001";"90 years";-
"Total";"2001";"91 years";-
"Total";"2001";"92 years";-
"Total";"2001";"93 years";-
"Total";"2001";"94 years";-
"Total";"2001";"95 years";-
"Total";"2001";"96 years";-
"Total";"2001";"97 years";-
"Total";"2001";"98 years";-
"Total";"2001";"99 years";-
"Total";"2001";"100 years";-
"Total";"2001";"101 years";-
"Total";"2001";"102 years";-
"Total";"2001";"103 years";-
"Total";"2001";"104 years";-
"Total";"2001";"105 years";-
"Total";"2001";"106 years";-
"Total";"2001";"107 years";-
"Total";"2001";"108 years";-
"Total";"2001";"109 years";-
"Total";"2001";"110 years";-
"Total";"2002";"1 year";-4
"Total";"2002";"2 years";-14
"Total";"2002";"3 years";-4
"Total";"2002";"4 years";-37
"Total";"2002";"5 years";-2
"Total";"2002";"6 years";10
"Total";"2002";"7 years";4
"Total";"2002";"8 years";-9
"Total";"2002";"9 years";9
"Total";"2002";"10 years";2
"Total";"2002";"11 years";5
"Total";"2002";"12 years";0
"Total";"2002";"13 years";-8
"Total";"2002";"14 years";9
"Total";"2002";"15 years";6
"Total";"2002";"16 years";29
"Total";"2002";"17 years";5
"Total";"2002";"18 years";28
"Total";"2002";"19 years";25
"Total";"2002";"20 years";-34
"Total";"2002";"21 years";-21
"Total";"2002";"22 years";-34
"Total";"2002";"23 years";-39
"Total";"2002";"24 years";-24
"Total";"2002";"25 years";-43
"Total";"2002";"26 years";-51
"Total";"2002";"27 years";-59
"Total";"2002";"28 years";-26
"Total";"2002";"29 years";-19
"Total";"2002";"30 years";-17
"Total";"2002";"31 years";-6
"Total";"2002";"32 years";-17
"Total";"2002";"33 years";-6
"Total";"2002";"34 years";-37
"Total";"2002";"35 years";6
"Total";"2002";"36 years";1
"Total";"2002";"37 years";0
"Total";"2002";"38 years";-6
"Total";"2002";"39 years";5
"Total";"2002";"40 years";9
"Total";"2002";"41 years";5
"Total";"2002";"42 years";1
"Total";"2002";"43 years";-8
"Total";"2002";"44 years";-6
"Total";"2002";"45 years";5
"Total";"2002";"46 years";5
"Total";"2002";"47 years";-5
"Total";"2002";"48 years";4
"Total";"2002";"49 years";-4
"Total";"2002";"50 years";-6
"Total";"2002";"51 years";3
"Total";"2002";"52 years";-2
"Total";"2002";"53 years";5
"Total";"2002";"54 years";-2
"Total";"2002";"55 years";-6
"Total";"2002";"56 years";0
"Total";"2002";"57 years";2
"Total";"2002";"58 years";2
"Total";"2002";"59 years";-2
"Total";"2002";"60 years";5
"Total";"2002";"61 years";3
"Total";"2002";"62 years";5
"Total";"2002";"63 years";6
"Total";"2002";"64 years";1
"Total";"2002";"65 years";9
"Total";"2002";"66 years";2
"Total";"2002";"67 years";-3
"Total";"2002";"68 years";1
"Total";"2002";"69 years";4
"Total";"2002";"70 years";2
"Total";"2002";"71 years";2
"Total";"2002";"72 years";3
"Total";"2002";"73 years";3
"Total";"2002";"74 years";2
"Total";"2002";"75 years";-1
"Total";"2002";"76 years";2
"Total";"2002";"77 years";-
"Total";"2002";"78 years";-3
"Total";"2002";"79 years";-1
"Total";"2002";"80 years";-
"Total";"2002";"81 years";1
"Total";"2002";"82 years";-
"Total";"2002";"83 years";1
"Total";"2002";"84 years";-
"Total";"2002";"85 years";-
"Total";"2002";"86 years";-
"Total";"2002";"87 years";-
"Total";"2002";"88 years";-
"Total";"2002";"89 years";1
"Total";"2002";"90 years";-
"Total";"2002";"91 years";-
"Total";"2002";"92 years";-
"Total";"2002";"93 years";-
"Total";"2002";"94 years";-
"Total";"2002";"95 years";-
"Total";"2002";"96 years";-
"Total";"2002";"97 years";-
"Total";"2002";"98 years";-
"Total";"2002";"99 years";-
"Total";"2002";"100 years";-
"Total";"2002";"101 years";-
"Total";"2002";"102 years";-
"Total";"2002";"103 years";-
"Total";"2002";"104 years";-
"Total";"2002";"105 years";-
"Total";"2002";"106 years";-
"Total";"2002";"107 years";-
"Total";"2002";"108 years";-
"Total";"2002";"109 years";-
"Total";"2002";"110 years";-
"Total";"2003";"1 year";-22
"Total";"2003";"2 years";-17
"Total";"2003";"3 years";9
"Total";"2003";"4 years";6
"Total";"2003";"5 years";-13
"Total";"2003";"6 years";11
"Total";"2003";"7 years";0
"Total";"2003";"8 years";17
"Total";"2003";"9 years";14
"Total";"2003";"10 years";14
"Total";"2003";"11 years";7
"Total";"2003";"12 years";18
"Total";"2003";"13 years";15
"Total";"2003";"14 years";14
"Total";"2003";"15 years";20
"Total";"2003";"16 years";39
"Total";"2003";"17 years";25
"Total";"2003";"18 years";31
"Total";"2003";"19 years";4
"Total";"2003";"20 years";-59
"Total";"2003";"21 years";-61
"Total";"2003";"22 years";-42
"Total";"2003";"23 years";-55
"Total";"2003";"24 years";-77
"Total";"2003";"25 years";-59
"Total";"2003";"26 years";-26
"Total";"2003";"27 years";-39
"Total";"2003";"28 years";-29
"Total";"2003";"29 years";-23
"Total";"2003";"30 years";-39
"Total";"2003";"31 years";-22
"Total";"2003";"32 years";-3
"Total";"2003";"33 years";12
"Total";"2003";"34 years";4
"Total";"2003";"35 years";0
"Total";"2003";"36 years";2
"Total";"2003";"37 years";2
"Total";"2003";"38 years";18
"Total";"2003";"39 years";-10
"Total";"2003";"40 years";5
"Total";"2003";"41 years";13
"Total";"2003";"42 years";11
"Total";"2003";"43 years";8
"Total";"2003";"44 years";11
"Total";"2003";"45 years";6
"Total";"2003";"46 years";-2
"Total";"2003";"47 years";9
"Total";"2003";"48 years";8
"Total";"2003";"49 years";10
"Total";"2003";"50 years";9
"Total";"2003";"51 years";1
"Total";"2003";"52 years";10
"Total";"2003";"53 years";6
"Total";"2003";"54 years";5
"Total";"2003";"55 years";-6
"Total";"2003";"56 years";4
"Total";"2003";"57 years";-2
"Total";"2003";"58 years";-1
"Total";"2003";"59 years";4
"Total";"2003";"60 years";3
"Total";"2003";"61 years";4
"Total";"2003";"62 years";1
"Total";"2003";"63 years";-1
"Total";"2003";"64 years";3
"Total";"2003";"65 years";1
"Total";"2003";"66 years";3
"Total";"2003";"67 years";4
"Total";"2003";"68 years";0
"Total";"2003";"69 years";-1
"Total";"2003";"70 years";-1
"Total";"2003";"71 years";0
"Total";"2003";"72 years";5
"Total";"2003";"73 years";1
"Total";"2003";"74 years";-1
"Total";"2003";"75 years";0
"Total";"2003";"76 years";-1
"Total";"2003";"77 years";1
"Total";"2003";"78 years";-1
"Total";"2003";"79 years";1
"Total";"2003";"80 years";-
"Total";"2003";"81 years";-
"Total";"2003";"82 years";2
"Total";"2003";"83 years";1
"Total";"2003";"84 years";-
"Total";"2003";"85 years";1
"Total";"2003";"86 years";-
"Total";"2003";"87 years";2
"Total";"2003";"88 years";-
"Total";"2003";"89 years";-
"Total";"2003";"90 years";-
"Total";"2003";"91 years";-
"Total";"2003";"92 years";-
"Total";"2003";"93 years";-
"Total";"2003";"94 years";-
"Total";"2003";"95 years";-
"Total";"2003";"96 years";-
"Total";"2003";"97 years";-
"Total";"2003";"98 years";-
"Total";"2003";"99 years";-
"Total";"2003";"100 years";-
"Total";"2003";"101 years";-
"Total";"2003";"102 years";-
"Total";"2003";"103 years";-
"Total";"2003";"104 years";-
"Total";"2003";"105 years";-
"Total";"2003";"106 years";-
"Total";"2003";"107 years";-
"Total";"2003";"108 years";-
"Total";"2003";"109 years";-
"Total";"2003";"110 years";-
"Total";"2004";"1 year";15
"Total";"2004";"2 years";-9
"Total";"2004";"3 years";-24
"Total";"2004";"4 years";-9
"Total";"2004";"5 years";-9
"Total";"2004";"6 years";3
"Total";"2004";"7 years";8
"Total";"2004";"8 years";9
"Total";"2004";"9 years";15
"Total";"2004";"10 years";9
"Total";"2004";"11 years";0
"Total";"2004";"12 years";13
"Total";"2004";"13 years";4
"Total";"2004";"14 years";15
"Total";"2004";"15 years";19
"Total";"2004";"16 years";22
"Total";"2004";"17 years";-18
"Total";"2004";"18 years";2
"Total";"2004";"19 years";12
"Total";"2004";"20 years";-51
"Total";"2004";"21 years";-12
"Total";"2004";"22 years";-47
"Total";"2004";"23 years";-12
"Total";"2004";"24 years";-27
"Total";"2004";"25 years";-6
"Total";"2004";"26 years";5
"Total";"2004";"27 years";9
"Total";"2004";"28 years";10
"Total";"2004";"29 years";29
"Total";"2004";"30 years";47
"Total";"2004";"31 years";16
"Total";"2004";"32 years";17
"Total";"2004";"33 years";-4
"Total";"2004";"34 years";15
"Total";"2004";"35 years";1
"Total";"2004";"36 years";39
"Total";"2004";"37 years";17
"Total";"2004";"38 years";34
"Total";"2004";"39 years";13
"Total";"2004";"40 years";22
"Total";"2004";"41 years";31
"Total";"2004";"42 years";33
"Total";"2004";"43 years";7
"Total";"2004";"44 years";8
"Total";"2004";"45 years";10
"Total";"2004";"46 years";10
"Total";"2004";"47 years";12
"Total";"2004";"48 years";17
"Total";"2004";"49 years";8
"Total";"2004";"50 years";12
"Total";"2004";"51 years";17
"Total";"2004";"52 years";15
"Total";"2004";"53 years";12
"Total";"2004";"54 years";12
"Total";"2004";"55 years";10
"Total";"2004";"56 years";19
"Total";"2004";"57 years";7
"Total";"2004";"58 years";9
"Total";"2004";"59 years";5
"Total";"2004";"60 years";6
"Total";"2004";"61 years";8
"Total";"2004";"62 years";2
"Total";"2004";"63 years";5
"Total";"2004";"64 years";0
"Total";"2004";"65 years";2
"Total";"2004";"66 years";3
"Total";"2004";"67 years";0
"Total";"2004";"68 years";4
"Total";"2004";"69 years";2
"Total";"2004";"70 years";1
"Total";"2004";"71 years";4
"Total";"2004";"72 years";1
"Total";"2004";"73 years";-1
"Total";"2004";"74 years";0
"Total";"2004";"75 years";2
"Total";"2004";"76 years";2
"Total";"2004";"77 years";1
"Total";"2004";"78 years";0
"Total";"2004";"79 years";-1
"Total";"2004";"80 years";1
"Total";"2004";"81 years";-1
"Total";"2004";"82 years";-
"Total";"2004";"83 years";0
"Total";"2004";"84 years";-
"Total";"2004";"85 years";-
"Total";"2004";"86 years";-1
"Total";"2004";"87 years";-
"Total";"2004";"88 years";-
"Total";"2004";"89 years";-
"Total";"2004";"90 years";1
"Total";"2004";"91 years";-
"Total";"2004";"92 years";-
"Total";"2004";"93 years";-
"Total";"2004";"94 years";-
"Total";"2004";"95 years";-
"Total";"2004";"96 years";-
"Total";"2004";"97 years";-
"Total";"2004";"98 years";-
"Total";"2004";"99 years";-
"Total";"2004";"100 years";-
"Total";"2004";"101 years";-
"Total";"2004";"102 years";-
"Total";"2004";"103 years";-
"Total";"2004";"104 years";-
"Total";"2004";"105 years";-
"Total";"2004";"106 years";-
"Total";"2004";"107 years";-
"Total";"2004";"108 years";-
"Total";"2004";"109 years";-
"Total";"2004";"110 years";-
"Total";"2005";"1 year";23
"Total";"2005";"2 years";15
"Total";"2005";"3 years";11
"Total";"2005";"4 years";0
"Total";"2005";"5 years";0
"Total";"2005";"6 years";20
"Total";"2005";"7 years";46
"Total";"2005";"8 years";11
"Total";"2005";"9 years";32
"Total";"2005";"10 years";28
"Total";"2005";"11 years";20
"Total";"2005";"12 years";43
"Total";"2005";"13 years";30
"Total";"2005";"14 years";31
"Total";"2005";"15 years";34
"Total";"2005";"16 years";38
"Total";"2005";"17 years";29
"Total";"2005";"18 years";37
"Total";"2005";"19 years";87
"Total";"2005";"20 years";41
"Total";"2005";"21 years";49
"Total";"2005";"22 years";93
"Total";"2005";"23 years";97
"Total";"2005";"24 years";87
"Total";"2005";"25 years";134
"Total";"2005";"26 years";121
"Total";"2005";"27 years";136
"Total";"2005";"28 years";107
"Total";"2005";"29 years";79
"Total";"2005";"30 years";113
"Total";"2005";"31 years";121
"Total";"2005";"32 years";103
"Total";"2005";"33 years";122
"Total";"2005";"34 years";118
"Total";"2005";"35 years";73
"Total";"2005";"36 years";107
"Total";"2005";"37 years";119
"Total";"2005";"38 years";96
"Total";"2005";"39 years";82
"Total";"2005";"40 years";97
"Total";"2005";"41 years";99
"Total";"2005";"42 years";78
"Total";"2005";"43 years";70
"Total";"2005";"44 years";77
"Total";"2005";"45 years";99
"Total";"2005";"46 years";102
"Total";"2005";"47 years";85
"Total";"2005";"48 years";84
"Total";"2005";"49 years";66
"Total";"2005";"50 years";74
"Total";"2005";"51 years";50
"Total";"2005";"52 years";39
"Total";"2005";"53 years";32
"Total";"2005";"54 years";55
"Total";"2005";"55 years";26
"Total";"2005";"56 years";28
"Total";"2005";"57 years";33
"Total";"2005";"58 years";15
"Total";"2005";"59 years";12
"Total";"2005";"60 years";3
"Total";"2005";"61 years";15
"Total";"2005";"62 years";1
"Total";"2005";"63 years";9
"Total";"2005";"64 years";6
"Total";"2005";"65 years";0
"Total";"2005";"66 years";3
"Total";"2005";"67 years";3
"Total";"2005";"68 years";6
"Total";"2005";"69 years";-1
"Total";"2005";"70 years";5
"Total";"2005";"71 years";2
"Total";"2005";"72 years";0
"Total";"2005";"73 years";-2
"Total";"2005";"74 years";-1
"Total";"2005";"75 years";-
"Total";"2005";"76 years";0
"Total";"2005";"77 years";-1
"Total";"2005";"78 years";-1
"Total";"2005";"79 years";0
"Total";"2005";"80 years";-1
"Total";"2005";"81 years";0
"Total";"2005";"82 years";-1
"Total";"2005";"83 years";-
"Total";"2005";"84 years";-
"Total";"2005";"85 years";-
"Total";"2005";"86 years";-
"Total";"2005";"87 years";-
"Total";"2005";"88 years";-1
"Total";"2005";"89 years";-
"Total";"2005";"90 years";-
"Total";"2005";"91 years";-
"Total";"2005";"92 years";-1
"Total";"2005";"93 years";-
"Total";"2005";"94 years";-
"Total";"2005";"95 years";-
"Total";"2005";"96 years";-
"Total";"2005";"97 years";-
"Total";"2005";"98 years";-
"Total";"2005";"99 years";-
"Total";"2005";"100 years";-
"Total";"2005";"101 years";-
"Total";"2005";"102 years";-
"Total";"2005";"103 years";-
"Total";"2005";"104 years";-
"Total";"2005";"105 years";-
"Total";"2005";"106 years";-
"Total";"2005";"107 years";-
"Total";"2005";"108 years";-
"Total";"2005";"109 years";-
"Total";"2005";"110 years";-
"Total";"2006";"1 year";38
"Total";"2006";"2 years";-9
"Total";"2006";"3 years";-2
"Total";"2006";"4 years";24
"Total";"2006";"5 years";13
"Total";"2006";"6 years";26
"Total";"2006";"7 years";22
"Total";"2006";"8 years";21
"Total";"2006";"9 years";2
"Total";"2006";"10 years";23
"Total";"2006";"11 years";11
"Total";"2006";"12 years";17
"Total";"2006";"13 years";8
"Total";"2006";"14 years";14
"Total";"2006";"15 years";27
"Total";"2006";"16 years";28
"Total";"2006";"17 years";18
"Total";"2006";"18 years";48
"Total";"2006";"19 years";65
"Total";"2006";"20 years";92
"Total";"2006";"21 years";128
"Total";"2006";"22 years";115
"Total";"2006";"23 years";103
"Total";"2006";"24 years";170
"Total";"2006";"25 years";180
"Total";"2006";"26 years";170
"Total";"2006";"27 years";232
"Total";"2006";"28 years";203
"Total";"2006";"29 years";205
"Total";"2006";"30 years";180
"Total";"2006";"31 years";169
"Total";"2006";"32 years";131
"Total";"2006";"33 years";143
"Total";"2006";"34 years";141
"Total";"2006";"35 years";147
"Total";"2006";"36 years";148
"Total";"2006";"37 years";122
"Total";"2006";"38 years";109
"Total";"2006";"39 years";128
"Total";"2006";"40 years";142
"Total";"2006";"41 years";127
"Total";"2006";"42 years";137
"Total";"2006";"43 years";139
"Total";"2006";"44 years";117
"Total";"2006";"45 years";126
"Total";"2006";"46 years";125
"Total";"2006";"47 years";144
"Total";"2006";"48 years";116
"Total";"2006";"49 years";83
"Total";"2006";"50 years";96
"Total";"2006";"51 years";66
"Total";"2006";"52 years";74
"Total";"2006";"53 years";66
"Total";"2006";"54 years";30
"Total";"2006";"55 years";49
"Total";"2006";"56 years";32
"Total";"2006";"57 years";40
"Total";"2006";"58 years";18
"Total";"2006";"59 years";1
"Total";"2006";"60 years";12
"Total";"2006";"61 years";-5
"Total";"2006";"62 years";-4
"Total";"2006";"63 years";14
"Total";"2006";"64 years";-2
"Total";"2006";"65 years";0
"Total";"2006";"66 years";4
"Total";"2006";"67 years";1
"Total";"2006";"68 years";-1
"Total";"2006";"69 years";8
"Total";"2006";"70 years";2
"Total";"2006";"71 years";2
"Total";"2006";"72 years";-5
"Total";"2006";"73 years";1
"Total";"2006";"74 years";5
"Total";"2006";"75 years";-
"Total";"2006";"76 years";2
"Total";"2006";"77 years";-1
"Total";"2006";"78 years";-
"Total";"2006";"79 years";1
"Total";"2006";"80 years";-1
"Total";"2006";"81 years";1
"Total";"2006";"82 years";-
"Total";"2006";"83 years";-
"Total";"2006";"84 years";-
"Total";"2006";"85 years";-
"Total";"2006";"86 years";1
"Total";"2006";"87 years";-
"Total";"2006";"88 years";-
"Total";"2006";"89 years";0
"Total";"2006";"90 years";-
"Total";"2006";"91 years";-1
"Total";"2006";"92 years";1
"Total";"2006";"93 years";-
"Total";"2006";"94 years";-1
"Total";"2006";"95 years";-
"Total";"2006";"96 years";-
"Total";"2006";"97 years";-
"Total";"2006";"98 years";-
"Total";"2006";"99 years";-
"Total";"2006";"100 years";-
"Total";"2006";"101 years";-
"Total";"2006";"102 years";-
"Total";"2006";"103 years";-
"Total";"2006";"104 years";-
"Total";"2006";"105 years";-
"Total";"2006";"106 years";-
"Total";"2006";"107 years";-
"Total";"2006";"108 years";-
"Total";"2006";"109 years";-
"Total";"2006";"110 years";-
"Total";"2007";"1 year";34
"Total";"2007";"2 years";58
"Total";"2007";"3 years";26
"Total";"2007";"4 years";37
"Total";"2007";"5 years";41
"Total";"2007";"6 years";49
"Total";"2007";"7 years";40
"Total";"2007";"8 years";37
"Total";"2007";"9 years";38
"Total";"2007";"10 years";40
"Total";"2007";"11 years";41
"Total";"2007";"12 years";36
"Total";"2007";"13 years";38
"Total";"2007";"14 years";38
"Total";"2007";"15 years";52
"Total";"2007";"16 years";31
"Total";"2007";"17 years";25
"Total";"2007";"18 years";96
"Total";"2007";"19 years";175
"Total";"2007";"20 years";184
"Total";"2007";"21 years";229
"Total";"2007";"22 years";298
"Total";"2007";"23 years";300
"Total";"2007";"24 years";326
"Total";"2007";"25 years";352
"Total";"2007";"26 years";309
"Total";"2007";"27 years";253
"Total";"2007";"28 years";213
"Total";"2007";"29 years";160
"Total";"2007";"30 years";141
"Total";"2007";"31 years";184
"Total";"2007";"32 years";118
"Total";"2007";"33 years";70
"Total";"2007";"34 years";107
"Total";"2007";"35 years";99
"Total";"2007";"36 years";111
"Total";"2007";"37 years";112
"Total";"2007";"38 years";62
"Total";"2007";"39 years";76
"Total";"2007";"40 years";52
"Total";"2007";"41 years";58
"Total";"2007";"42 years";44
"Total";"2007";"43 years";65
"Total";"2007";"44 years";19
"Total";"2007";"45 years";51
"Total";"2007";"46 years";36
"Total";"2007";"47 years";13
"Total";"2007";"48 years";28
"Total";"2007";"49 years";37
"Total";"2007";"50 years";1
"Total";"2007";"51 years";38
"Total";"2007";"52 years";2
"Total";"2007";"53 years";8
"Total";"2007";"54 years";12
"Total";"2007";"55 years";-6
"Total";"2007";"56 years";5
"Total";"2007";"57 years";-3
"Total";"2007";"58 years";-5
"Total";"2007";"59 years";-4
"Total";"2007";"60 years";-4
"Total";"2007";"61 years";-2
"Total";"2007";"62 years";-6
"Total";"2007";"63 years";3
"Total";"2007";"64 years";-7
"Total";"2007";"65 years";2
"Total";"2007";"66 years";1
"Total";"2007";"67 years";-1
"Total";"2007";"68 years";0
"Total";"2007";"69 years";-2
"Total";"2007";"70 years";1
"Total";"2007";"71 years";-2
"Total";"2007";"72 years";4
"Total";"2007";"73 years";2
"Total";"2007";"74 years";3
"Total";"2007";"75 years";2
"Total";"2007";"76 years";-2
"Total";"2007";"77 years";-3
"Total";"2007";"78 years";-
"Total";"2007";"79 years";1
"Total";"2007";"80 years";1
"Total";"2007";"81 years";-
"Total";"2007";"82 years";-
"Total";"2007";"83 years";-
"Total";"2007";"84 years";0
"Total";"2007";"85 years";-
"Total";"2007";"86 years";-
"Total";"2007";"87 years";-
"Total";"2007";"88 years";2
"Total";"2007";"89 years";-
"Total";"2007";"90 years";-
"Total";"2007";"91 years";1
"Total";"2007";"92 years";-
"Total";"2007";"93 years";-
"Total";"2007";"94 years";-
"Total";"2007";"95 years";-
"Total";"2007";"96 years";-
"Total";"2007";"97 years";-
"Total";"2007";"98 years";-
"Total";"2007";"99 years";-
"Total";"2007";"100 years";-
"Total";"2007";"101 years";-
"Total";"2007";"102 years";-
"Total";"2007";"103 years";-
"Total";"2007";"104 years";-
"Total";"2007";"105 years";-
"Total";"2007";"106 years";-
"Total";"2007";"107 years";-
"Total";"2007";"108 years";-
"Total";"2007";"109 years";-
"Total";"2007";"110 years";-
"Total";"2008";"1 year";62
"Total";"2008";"2 years";29
"Total";"2008";"3 years";50
"Total";"2008";"4 years";20
"Total";"2008";"5 years";45
"Total";"2008";"6 years";23
"Total";"2008";"7 years";19
"Total";"2008";"8 years";42
"Total";"2008";"9 years";55
"Total";"2008";"10 years";19
"Total";"2008";"11 years";39
"Total";"2008";"12 years";38
"Total";"2008";"13 years";36
"Total";"2008";"14 years";37
"Total";"2008";"15 years";33
"Total";"2008";"16 years";55
"Total";"2008";"17 years";26
"Total";"2008";"18 years";82
"Total";"2008";"19 years";151
"Total";"2008";"20 years";87
"Total";"2008";"21 years";121
"Total";"2008";"22 years";173
"Total";"2008";"23 years";143
"Total";"2008";"24 years";169
"Total";"2008";"25 years";148
"Total";"2008";"26 years";55
"Total";"2008";"27 years";65
"Total";"2008";"28 years";47
"Total";"2008";"29 years";68
"Total";"2008";"30 years";-15
"Total";"2008";"31 years";20
"Total";"2008";"32 years";-27
"Total";"2008";"33 years";-22
"Total";"2008";"34 years";17
"Total";"2008";"35 years";-11
"Total";"2008";"36 years";20
"Total";"2008";"37 years";-44
"Total";"2008";"38 years";6
"Total";"2008";"39 years";-52
"Total";"2008";"40 years";-27
"Total";"2008";"41 years";-40
"Total";"2008";"42 years";-33
"Total";"2008";"43 years";-33
"Total";"2008";"44 years";-57
"Total";"2008";"45 years";-31
"Total";"2008";"46 years";-56
"Total";"2008";"47 years";-16
"Total";"2008";"48 years";-64
"Total";"2008";"49 years";-62
"Total";"2008";"50 years";-24
"Total";"2008";"51 years";-14
"Total";"2008";"52 years";-56
"Total";"2008";"53 years";-41
"Total";"2008";"54 years";-45
"Total";"2008";"55 years";-21
"Total";"2008";"56 years";-34
"Total";"2008";"57 years";-20
"Total";"2008";"58 years";-29
"Total";"2008";"59 years";-8
"Total";"2008";"60 years";-17
"Total";"2008";"61 years";6
"Total";"2008";"62 years";-1
"Total";"2008";"63 years";-2
"Total";"2008";"64 years";0
"Total";"2008";"65 years";-3
"Total";"2008";"66 years";-4
"Total";"2008";"67 years";-3
"Total";"2008";"68 years";-2
"Total";"2008";"69 years";0
"Total";"2008";"70 years";-3
"Total";"2008";"71 years";1
"Total";"2008";"72 years";-3
"Total";"2008";"73 years";-1
"Total";"2008";"74 years";2
"Total";"2008";"75 years";1
"Total";"2008";"76 years";-2
"Total";"2008";"77 years";1
"Total";"2008";"78 years";0
"Total";"2008";"79 years";2
"Total";"2008";"80 years";2
"Total";"2008";"81 years";2
"Total";"2008";"82 years";-2
"Total";"2008";"83 years";-
"Total";"2008";"84 years";-
"Total";"2008";"85 years";-
"Total";"2008";"86 years";-2
"Total";"2008";"87 years";-
"Total";"2008";"88 years";-1
"Total";"2008";"89 years";-
"Total";"2008";"90 years";-
"Total";"2008";"91 years";-
"Total";"2008";"92 years";-
"Total";"2008";"93 years";-
"Total";"2008";"94 years";-
"Total";"2008";"95 years";-
"Total";"2008";"96 years";-
"Total";"2008";"97 years";-
"Total";"2008";"98 years";-
"Total";"2008";"99 years";-
"Total";"2008";"100 years";-
"Total";"2008";"101 years";-
"Total";"2008";"102 years";-
"Total";"2008";"103 years";-
"Total";"2008";"104 years";-
"Total";"2008";"105 years";-
"Total";"2008";"106 years";-
"Total";"2008";"107 years";-
"Total";"2008";"108 years";-
"Total";"2008";"109 years";-
"Total";"2008";"110 years";-
"Total";"2009";"1 year";-68
"Total";"2009";"2 years";-64
"Total";"2009";"3 years";-53
"Total";"2009";"4 years";-40
"Total";"2009";"5 years";-41
"Total";"2009";"6 years";-17
"Total";"2009";"7 years";-30
"Total";"2009";"8 years";-31
"Total";"2009";"9 years";-12
"Total";"2009";"10 years";-34
"Total";"2009";"11 years";-13
"Total";"2009";"12 years";-18
"Total";"2009";"13 years";-11
"Total";"2009";"14 years";-24
"Total";"2009";"15 years";1
"Total";"2009";"16 years";18
"Total";"2009";"17 years";8
"Total";"2009";"18 years";-9
"Total";"2009";"19 years";3
"Total";"2009";"20 years";-39
"Total";"2009";"21 years";-83
"Total";"2009";"22 years";-71
"Total";"2009";"23 years";-112
"Total";"2009";"24 years";-106
"Total";"2009";"25 years";-187
"Total";"2009";"26 years";-200
"Total";"2009";"27 years";-179
"Total";"2009";"28 years";-231
"Total";"2009";"29 years";-198
"Total";"2009";"30 years";-155
"Total";"2009";"31 years";-205
"Total";"2009";"32 years";-191
"Total";"2009";"33 years";-156
"Total";"2009";"34 years";-135
"Total";"2009";"35 years";-143
"Total";"2009";"36 years";-149
"Total";"2009";"37 years";-134
"Total";"2009";"38 years";-117
"Total";"2009";"39 years";-121
"Total";"2009";"40 years";-139
"Total";"2009";"41 years";-81
"Total";"2009";"42 years";-89
"Total";"2009";"43 years";-87
"Total";"2009";"44 years";-115
"Total";"2009";"45 years";-73
"Total";"2009";"46 years";-57
"Total";"2009";"47 years";-94
"Total";"2009";"48 years";-68
"Total";"2009";"49 years";-86
"Total";"2009";"50 years";-63
"Total";"2009";"51 years";-83
"Total";"2009";"52 years";-65
"Total";"2009";"53 years";-68
"Total";"2009";"54 years";-47
"Total";"2009";"55 years";-39
"Total";"2009";"56 years";-36
"Total";"2009";"57 years";-30
"Total";"2009";"58 years";-19
"Total";"2009";"59 years";-16
"Total";"2009";"60 years";-42
"Total";"2009";"61 years";-11
"Total";"2009";"62 years";-14
"Total";"2009";"63 years";-1
"Total";"2009";"64 years";-1
"Total";"2009";"65 years";-5
"Total";"2009";"66 years";-8
"Total";"2009";"67 years";-3
"Total";"2009";"68 years";-1
"Total";"2009";"69 years";0
"Total";"2009";"70 years";2
"Total";"2009";"71 years";2
"Total";"2009";"72 years";-3
"Total";"2009";"73 years";1
"Total";"2009";"74 years";1
"Total";"2009";"75 years";-1
"Total";"2009";"76 years";-1
"Total";"2009";"77 years";0
"Total";"2009";"78 years";1
"Total";"2009";"79 years";-1
"Total";"2009";"80 years";2
"Total";"2009";"81 years";2
"Total";"2009";"82 years";2
"Total";"2009";"83 years";-
"Total";"2009";"84 years";0
"Total";"2009";"85 years";-
"Total";"2009";"86 years";-
"Total";"2009";"87 years";2
"Total";"2009";"88 years";1
"Total";"2009";"89 years";-
"Total";"2009";"90 years";-
"Total";"2009";"91 years";-
"Total";"2009";"92 years";1
"Total";"2009";"93 years";-
"Total";"2009";"94 years";-
"Total";"2009";"95 years";-
"Total";"2009";"96 years";-
"Total";"2009";"97 years";-
"Total";"2009";"98 years";-
"Total";"2009";"99 years";-
"Total";"2009";"100 years";-
"Total";"2009";"101 years";-
"Total";"2009";"102 years";-
"Total";"2009";"103 years";-
"Total";"2009";"104 years";-
"Total";"2009";"105 years";-
"Total";"2009";"106 years";-
"Total";"2009";"107 years";-
"Total";"2009";"108 years";-
"Total";"2009";"109 years";-
"Total";"2009";"110 years";-
"Total";"2010";"1 year";-59
"Total";"2010";"2 years";-41
"Total";"2010";"3 years";-25
"Total";"2010";"4 years";-52
"Total";"2010";"5 years";-40
"Total";"2010";"6 years";-34
"Total";"2010";"7 years";-34
"Total";"2010";"8 years";-32
"Total";"2010";"9 years";-3
"Total";"2010";"10 years";-18
"Total";"2010";"11 years";-7
"Total";"2010";"12 years";-19
"Total";"2010";"13 years";-7
"Total";"2010";"14 years";2
"Total";"2010";"15 years";-4
"Total";"2010";"16 years";9
"Total";"2010";"17 years";-21
"Total";"2010";"18 years";-4
"Total";"2010";"19 years";20
"Total";"2010";"20 years";-9
"Total";"2010";"21 years";25
"Total";"2010";"22 years";25
"Total";"2010";"23 years";-14
"Total";"2010";"24 years";-60
"Total";"2010";"25 years";-61
"Total";"2010";"26 years";-84
"Total";"2010";"27 years";-74
"Total";"2010";"28 years";-90
"Total";"2010";"29 years";-88
"Total";"2010";"30 years";-77
"Total";"2010";"31 years";-68
"Total";"2010";"32 years";-89
"Total";"2010";"33 years";-98
"Total";"2010";"34 years";-71
"Total";"2010";"35 years";-61
"Total";"2010";"36 years";-60
"Total";"2010";"37 years";-49
"Total";"2010";"38 years";-60
"Total";"2010";"39 years";-53
"Total";"2010";"40 years";-39
"Total";"2010";"41 years";-39
"Total";"2010";"42 years";-45
"Total";"2010";"43 years";-37
"Total";"2010";"44 years";-39
"Total";"2010";"45 years";-45
"Total";"2010";"46 years";-50
"Total";"2010";"47 years";-39
"Total";"2010";"48 years";-19
"Total";"2010";"49 years";-21
"Total";"2010";"50 years";-38
"Total";"2010";"51 years";-33
"Total";"2010";"52 years";-40
"Total";"2010";"53 years";-26
"Total";"2010";"54 years";-12
"Total";"2010";"55 years";-22
"Total";"2010";"56 years";-17
"Total";"2010";"57 years";-14
"Total";"2010";"58 years";-11
"Total";"2010";"59 years";-24
"Total";"2010";"60 years";-8
"Total";"2010";"61 years";-4
"Total";"2010";"62 years";-1
"Total";"2010";"63 years";-7
"Total";"2010";"64 years";-1
"Total";"2010";"65 years";-9
"Total";"2010";"66 years";5
"Total";"2010";"67 years";5
"Total";"2010";"68 years";0
"Total";"2010";"69 years";-2
"Total";"2010";"70 years";2
"Total";"2010";"71 years";4
"Total";"2010";"72 years";0
"Total";"2010";"73 years";2
"Total";"2010";"74 years";0
"Total";"2010";"75 years";-1
"Total";"2010";"76 years";1
"Total";"2010";"77 years";-3
"Total";"2010";"78 years";1
"Total";"2010";"79 years";-1
"Total";"2010";"80 years";-
"Total";"2010";"81 years";-1
"Total";"2010";"82 years";-
"Total";"2010";"83 years";-1
"Total";"2010";"84 years";-
"Total";"2010";"85 years";0
"Total";"2010";"86 years";-
"Total";"2010";"87 years";-
"Total";"2010";"88 years";-
"Total";"2010";"89 years";1
"Total";"2010";"90 years";-
"Total";"2010";"91 years";1
"Total";"2010";"92 years";-
"Total";"2010";"93 years";-
"Total";"2010";"94 years";-
"Total";"2010";"95 years";-
"Total";"2010";"96 years";-
"Total";"2010";"97 years";-
"Total";"2010";"98 years";-
"Total";"2010";"99 years";-
"Total";"2010";"100 years";-
"Total";"2010";"101 years";-
"Total";"2010";"102 years";-
"Total";"2010";"103 years";-
"Total";"2010";"104 years";-
"Total";"2010";"105 years";-
"Total";"2010";"106 years";-
"Total";"2010";"107 years";-
"Total";"2010";"108 years";-
"Total";"2010";"109 years";-
"Total";"2010";"110 years";-
"Total";"2011";"1 year";-77
"Total";"2011";"2 years";-48
"Total";"2011";"3 years";-25
"Total";"2011";"4 years";-25
"Total";"2011";"5 years";-11
"Total";"2011";"6 years";-7
"Total";"2011";"7 years";-11
"Total";"2011";"8 years";-22
"Total";"2011";"9 years";-21
"Total";"2011";"10 years";-11
"Total";"2011";"11 years";-12
"Total";"2011";"12 years";2
"Total";"2011";"13 years";-2
"Total";"2011";"14 years";-12
"Total";"2011";"15 years";-3
"Total";"2011";"16 years";7
"Total";"2011";"17 years";15
"Total";"2011";"18 years";22
"Total";"2011";"19 years";49
"Total";"2011";"20 years";28
"Total";"2011";"21 years";-11
"Total";"2011";"22 years";12
"Total";"2011";"23 years";-10
"Total";"2011";"24 years";-102
"Total";"2011";"25 years";-29
"Total";"2011";"26 years";-74
"Total";"2011";"27 years";-49
"Total";"2011";"28 years";-87
"Total";"2011";"29 years";-12
"Total";"2011";"30 years";-75
"Total";"2011";"31 years";-25
"Total";"2011";"32 years";-45
"Total";"2011";"33 years";-81
"Total";"2011";"34 years";-58
"Total";"2011";"35 years";-57
"Total";"2011";"36 years";-62
"Total";"2011";"37 years";-39
"Total";"2011";"38 years";-50
"Total";"2011";"39 years";-17
"Total";"2011";"40 years";-33
"Total";"2011";"41 years";-30
"Total";"2011";"42 years";-14
"Total";"2011";"43 years";-30
"Total";"2011";"44 years";-35
"Total";"2011";"45 years";-35
"Total";"2011";"46 years";-21
"Total";"2011";"47 years";-24
"Total";"2011";"48 years";-36
"Total";"2011";"49 years";-20
"Total";"2011";"50 years";-16
"Total";"2011";"51 years";-13
"Total";"2011";"52 years";2
"Total";"2011";"53 years";-19
"Total";"2011";"54 years";-3
"Total";"2011";"55 years";-16
"Total";"2011";"56 years";-6
"Total";"2011";"57 years";-9
"Total";"2011";"58 years";-13
"Total";"2011";"59 years";7
"Total";"2011";"60 years";-5
"Total";"2011";"61 years";-3
"Total";"2011";"62 years";-2
"Total";"2011";"63 years";-2
"Total";"2011";"64 years";-1
"Total";"2011";"65 years";0
"Total";"2011";"66 years";0
"Total";"2011";"67 years";1
"Total";"2011";"68 years";1
"Total";"2011";"69 years";0
"Total";"2011";"70 years";4
"Total";"2011";"71 years";3
"Total";"2011";"72 years";2
"Total";"2011";"73 years";-1
"Total";"2011";"74 years";3
"Total";"2011";"75 years";0
"Total";"2011";"76 years";4
"Total";"2011";"77 years";-1
"Total";"2011";"78 years";1
"Total";"2011";"79 years";1
"Total";"2011";"80 years";-
"Total";"2011";"81 years";-
"Total";"2011";"82 years";-1
"Total";"2011";"83 years";1
"Total";"2011";"84 years";-
"Total";"2011";"85 years";-
"Total";"2011";"86 years";1
"Total";"2011";"87 years";1
"Total";"2011";"88 years";-
"Total";"2011";"89 years";-
"Total";"2011";"90 years";-
"Total";"2011";"91 years";1
"Total";"2011";"92 years";-
"Total";"2011";"93 years";-
"Total";"2011";"94 years";-
"Total";"2011";"95 years";-
"Total";"2011";"96 years";-
"Total";"2011";"97 years";-
"Total";"2011";"98 years";-
"Total";"2011";"99 years";-
"Total";"2011";"100 years";-
"Total";"2011";"101 years";-
"Total";"2011";"102 years";-
"Total";"2011";"103 years";-
"Total";"2011";"104 years";-
"Total";"2011";"105 years";-
"Total";"2011";"106 years";-
"Total";"2011";"107 years";-
"Total";"2011";"108 years";-
"Total";"2011";"109 years";-
"Total";"2011";"110 years";-
"Total";"2012";"1 year";-19
"Total";"2012";"2 years";-2
"Total";"2012";"3 years";-3
"Total";"2012";"4 years";-9
"Total";"2012";"5 years";-29
"Total";"2012";"6 years";11
"Total";"2012";"7 years";9
"Total";"2012";"8 years";0
"Total";"2012";"9 years";15
"Total";"2012";"10 years";-8
"Total";"2012";"11 years";5
"Total";"2012";"12 years";-11
"Total";"2012";"13 years";14
"Total";"2012";"14 years";6
"Total";"2012";"15 years";13
"Total";"2012";"16 years";10
"Total";"2012";"17 years";6
"Total";"2012";"18 years";-4
"Total";"2012";"19 years";49
"Total";"2012";"20 years";1
"Total";"2012";"21 years";3
"Total";"2012";"22 years";-10
"Total";"2012";"23 years";-30
"Total";"2012";"24 years";-61
"Total";"2012";"25 years";-25
"Total";"2012";"26 years";39
"Total";"2012";"27 years";7
"Total";"2012";"28 years";-8
"Total";"2012";"29 years";14
"Total";"2012";"30 years";-19
"Total";"2012";"31 years";-31
"Total";"2012";"32 years";-32
"Total";"2012";"33 years";-47
"Total";"2012";"34 years";-18
"Total";"2012";"35 years";7
"Total";"2012";"36 years";-18
"Total";"2012";"37 years";-21
"Total";"2012";"38 years";-10
"Total";"2012";"39 years";-5
"Total";"2012";"40 years";1
"Total";"2012";"41 years";-10
"Total";"2012";"42 years";-13
"Total";"2012";"43 years";12
"Total";"2012";"44 years";7
"Total";"2012";"45 years";-13
"Total";"2012";"46 years";-6
"Total";"2012";"47 years";-20
"Total";"2012";"48 years";3
"Total";"2012";"49 years";-15
"Total";"2012";"50 years";-19
"Total";"2012";"51 years";-13
"Total";"2012";"52 years";-6
"Total";"2012";"53 years";5
"Total";"2012";"54 years";-11
"Total";"2012";"55 years";4
"Total";"2012";"56 years";-18
"Total";"2012";"57 years";2
"Total";"2012";"58 years";-6
"Total";"2012";"59 years";-12
"Total";"2012";"60 years";6
"Total";"2012";"61 years";-7
"Total";"2012";"62 years";0
"Total";"2012";"63 years";1
"Total";"2012";"64 years";3
"Total";"2012";"65 years";-3
"Total";"2012";"66 years";-2
"Total";"2012";"67 years";1
"Total";"2012";"68 years";1
"Total";"2012";"69 years";0
"Total";"2012";"70 years";-1
"Total";"2012";"71 years";2
"Total";"2012";"72 years";-2
"Total";"2012";"73 years";2
"Total";"2012";"74 years";5
"Total";"2012";"75 years";1
"Total";"2012";"76 years";2
"Total";"2012";"77 years";1
"Total";"2012";"78 years";1
"Total";"2012";"79 years";0
"Total";"2012";"80 years";1
"Total";"2012";"81 years";2
"Total";"2012";"82 years";-
"Total";"2012";"83 years";1
"Total";"2012";"84 years";-
"Total";"2012";"85 years";-
"Total";"2012";"86 years";2
"Total";"2012";"87 years";1
"Total";"2012";"88 years";-
"Total";"2012";"89 years";-
"Total";"2012";"90 years";-1
"Total";"2012";"91 years";-
"Total";"2012";"92 years";-
"Total";"2012";"93 years";-
"Total";"2012";"94 years";-
"Total";"2012";"95 years";-
"Total";"2012";"96 years";-
"Total";"2012";"97 years";-
"Total";"2012";"98 years";-
"Total";"2012";"99 years";-
"Total";"2012";"100 years";-
"Total";"2012";"101 years";-
"Total";"2012";"102 years";-
"Total";"2012";"103 years";-
"Total";"2012";"104 years";-
"Total";"2012";"105 years";-
"Total";"2012";"106 years";-
"Total";"2012";"107 years";-
"Total";"2012";"108 years";-
"Total";"2012";"109 years";-
"Total";"2012";"110 years";-
"Total";"2013";"1 year";-3
"Total";"2013";"2 years";22
"Total";"2013";"3 years";9
"Total";"2013";"4 years";17
"Total";"2013";"5 years";28
"Total";"2013";"6 years";28
"Total";"2013";"7 years";34
"Total";"2013";"8 years";37
"Total";"2013";"9 years";37
"Total";"2013";"10 years";16
"Total";"2013";"11 years";21
"Total";"2013";"12 years";16
"Total";"2013";"13 years";34
"Total";"2013";"14 years";30
"Total";"2013";"15 years";22
"Total";"2013";"16 years";51
"Total";"2013";"17 years";1
"Total";"2013";"18 years";42
"Total";"2013";"19 years";77
"Total";"2013";"20 years";98
"Total";"2013";"21 years";30
"Total";"2013";"22 years";97
"Total";"2013";"23 years";35
"Total";"2013";"24 years";34
"Total";"2013";"25 years";64
"Total";"2013";"26 years";41
"Total";"2013";"27 years";40
"Total";"2013";"28 years";53
"Total";"2013";"29 years";55
"Total";"2013";"30 years";57
"Total";"2013";"31 years";28
"Total";"2013";"32 years";26
"Total";"2013";"33 years";13
"Total";"2013";"34 years";41
"Total";"2013";"35 years";51
"Total";"2013";"36 years";38
"Total";"2013";"37 years";20
"Total";"2013";"38 years";40
"Total";"2013";"39 years";43
"Total";"2013";"40 years";22
"Total";"2013";"41 years";26
"Total";"2013";"42 years";13
"Total";"2013";"43 years";13
"Total";"2013";"44 years";15
"Total";"2013";"45 years";21
"Total";"2013";"46 years";-2
"Total";"2013";"47 years";-13
"Total";"2013";"48 years";10
"Total";"2013";"49 years";3
"Total";"2013";"50 years";5
"Total";"2013";"51 years";-4
"Total";"2013";"52 years";2
"Total";"2013";"53 years";2
"Total";"2013";"54 years";-2
"Total";"2013";"55 years";7
"Total";"2013";"56 years";6
"Total";"2013";"57 years";6
"Total";"2013";"58 years";2
"Total";"2013";"59 years";19
"Total";"2013";"60 years";-3
"Total";"2013";"61 years";-4
"Total";"2013";"62 years";-5
"Total";"2013";"63 years";3
"Total";"2013";"64 years";-3
"Total";"2013";"65 years";3
"Total";"2013";"66 years";8
"Total";"2013";"67 years";9
"Total";"2013";"68 years";5
"Total";"2013";"69 years";4
"Total";"2013";"70 years";6
"Total";"2013";"71 years";0
"Total";"2013";"72 years";-1
"Total";"2013";"73 years";1
"Total";"2013";"74 years";4
"Total";"2013";"75 years";3
"Total";"2013";"76 years";0
"Total";"2013";"77 years";0
"Total";"2013";"78 years";1
"Total";"2013";"79 years";-
"Total";"2013";"80 years";1
"Total";"2013";"81 years";-1
"Total";"2013";"82 years";1
"Total";"2013";"83 years";-
"Total";"2013";"84 years";-
"Total";"2013";"85 years";-
"Total";"2013";"86 years";-
"Total";"2013";"87 years";1
"Total";"2013";"88 years";-
"Total";"2013";"89 years";-
"Total";"2013";"90 years";-
"Total";"2013";"91 years";-
"Total";"2013";"92 years";-
"Total";"2013";"93 years";-
"Total";"2013";"94 years";-1
"Total";"2013";"95 years";-
"Total";"2013";"96 years";-
"Total";"2013";"97 years";-
"Total";"2013";"98 years";-
"Total";"2013";"99 years";-
"Total";"2013";"100 years";-
"Total";"2013";"101 years";-
"Total";"2013";"102 years";-
"Total";"2013";"103 years";-
"Total";"2013";"104 years";-
"Total";"2013";"105 years";-
"Total";"2013";"106 years";-
"Total";"2013";"107 years";-
"Total";"2013";"108 years";-
"Total";"2013";"109 years";-
"Total";"2013";"110 years";-
"Total";"2014";"1 year";14
"Total";"2014";"2 years";7
"Total";"2014";"3 years";9
"Total";"2014";"4 years";3
"Total";"2014";"5 years";-11
"Total";"2014";"6 years";-3
"Total";"2014";"7 years";-7
"Total";"2014";"8 years";15
"Total";"2014";"9 years";15
"Total";"2014";"10 years";20
"Total";"2014";"11 years";10
"Total";"2014";"12 years";6
"Total";"2014";"13 years";8
"Total";"2014";"14 years";-12
"Total";"2014";"15 years";14
"Total";"2014";"16 years";25
"Total";"2014";"17 years";5
"Total";"2014";"18 years";60
"Total";"2014";"19 years";50
"Total";"2014";"20 years";95
"Total";"2014";"21 years";33
"Total";"2014";"22 years";105
"Total";"2014";"23 years";23
"Total";"2014";"24 years";60
"Total";"2014";"25 years";50
"Total";"2014";"26 years";67
"Total";"2014";"27 years";52
"Total";"2014";"28 years";36
"Total";"2014";"29 years";0
"Total";"2014";"30 years";5
"Total";"2014";"31 years";13
"Total";"2014";"32 years";-4
"Total";"2014";"33 years";25
"Total";"2014";"34 years";-12
"Total";"2014";"35 years";37
"Total";"2014";"36 years";16
"Total";"2014";"37 years";16
"Total";"2014";"38 years";43
"Total";"2014";"39 years";9
"Total";"2014";"40 years";12
"Total";"2014";"41 years";4
"Total";"2014";"42 years";20
"Total";"2014";"43 years";35
"Total";"2014";"44 years";19
"Total";"2014";"45 years";10
"Total";"2014";"46 years";-3
"Total";"2014";"47 years";15
"Total";"2014";"48 years";22
"Total";"2014";"49 years";3
"Total";"2014";"50 years";0
"Total";"2014";"51 years";7
"Total";"2014";"52 years";17
"Total";"2014";"53 years";7
"Total";"2014";"54 years";3
"Total";"2014";"55 years";1
"Total";"2014";"56 years";22
"Total";"2014";"57 years";1
"Total";"2014";"58 years";3
"Total";"2014";"59 years";-4
"Total";"2014";"60 years";3
"Total";"2014";"61 years";4
"Total";"2014";"62 years";-2
"Total";"2014";"63 years";-1
"Total";"2014";"64 years";1
"Total";"2014";"65 years";-7
"Total";"2014";"66 years";-3
"Total";"2014";"67 years";3
"Total";"2014";"68 years";5
"Total";"2014";"69 years";-1
"Total";"2014";"70 years";4
"Total";"2014";"71 years";-2
"Total";"2014";"72 years";2
"Total";"2014";"73 years";2
"Total";"2014";"74 years";-3
"Total";"2014";"75 years";0
"Total";"2014";"76 years";-
"Total";"2014";"77 years";0
"Total";"2014";"78 years";4
"Total";"2014";"79 years";0
"Total";"2014";"80 years";-1
"Total";"2014";"81 years";1
"Total";"2014";"82 years";1
"Total";"2014";"83 years";0
"Total";"2014";"84 years";-
"Total";"2014";"85 years";-
"Total";"2014";"86 years";1
"Total";"2014";"87 years";-
"Total";"2014";"88 years";1
"Total";"2014";"89 years";2
"Total";"2014";"90 years";-
"Total";"2014";"91 years";-
"Total";"2014";"92 years";-
"Total";"2014";"93 years";-
"Total";"2014";"94 years";-
"Total";"2014";"95 years";-
"Total";"2014";"96 years";-
"Total";"2014";"97 years";-
"Total";"2014";"98 years";-
"Total";"2014";"99 years";-
"Total";"2014";"100 years";-
"Total";"2014";"101 years";-
"Total";"2014";"102 years";-
"Total";"2014";"103 years";-
"Total";"2014";"104 years";-
"Total";"2014";"105 years";-
"Total";"2014";"106 years";-
"Total";"2014";"107 years";-
"Total";"2014";"108 years";-
"Total";"2014";"109 years";-
"Total";"2014";"110 years";-
